,name,accepted_ipni_id,accepted_name,accepted_name_w_author,accepted_family,accepted_rank,accepted_species,accepted_species_w_author,accepted_species_ipni_id,accepted_parent,plant_name_id,taxon_status,matched_by,matched_name
0,enantia pilosa exell,948448-1,Annickia pilosa,Annickia pilosa (Exell) Setten & Maas,Annonaceae,Species,Annickia pilosa,Annickia pilosa (Exell) Setten & Maas,948448-1,Annickia,2788543,Synonym,direct_wcvp_w_author_unique,Enantia pilosa Exell
2,myrciaria dubia,166146-2,Myrciaria dubia,Myrciaria dubia (Kunth) McVaugh,Myrtaceae,Species,Myrciaria dubia,Myrciaria dubia (Kunth) McVaugh,166146-2,Myrciaria,131810,Accepted,direct_wcvp_unique,Myrciaria dubia
3,hypericum perforatum,433719-1,Hypericum perforatum,Hypericum perforatum L.,Hypericaceae,Species,Hypericum perforatum,Hypericum perforatum L.,433719-1,Hypericum,516286,Accepted,direct_wcvp_unique,Hypericum perforatum
6,achillea moschata wulfen,876363-1,Achillea erba-rotta subsp. moschata,Achillea erba-rotta subsp. moschata (Wulfen) Vacc.,Asteraceae,Subspecies,Achillea erba-rotta,Achillea erba-rotta All.,50869252-1,Achillea erba-rotta,3109908,Synonym,direct_wcvp_w_author_unique,Achillea moschata Wulfen
7,mentha piperita,450969-1,Mentha × piperita,Mentha × piperita L.,Lamiaceae,Species,Mentha × piperita,Mentha × piperita L.,450969-1,Mentha,125188,Accepted,knms_single,Mentha × piperita Sp. Pl.: 576 (1753) L. 1753
12,acorus calamus,84009-1,Acorus calamus,Acorus calamus L.,Acoraceae,Species,Acorus calamus,Acorus calamus L.,84009-1,Acorus,2304,Accepted,direct_wcvp_unique,Acorus calamus
13,terminalia chebula retx,171037-1,Terminalia chebula,Terminalia chebula Retz.,Combretaceae,Species,Terminalia chebula,Terminalia chebula Retz.,171037-1,Terminalia,2431324,Accepted,autoresolution,Terminalia chebula
15,catharanthus roseus,77880-1,Catharanthus roseus,Catharanthus roseus (L.) G.Don,Apocynaceae,Species,Catharanthus roseus,Catharanthus roseus (L.) G.Don,77880-1,Catharanthus,35719,Accepted,direct_wcvp_unique,Catharanthus roseus
18,sesamum indicum,675971-1,Sesamum indicum,Sesamum indicum L.,Pedaliaceae,Species,Sesamum indicum,Sesamum indicum L.,675971-1,Sesamum,2588550,Accepted,direct_wcvp_unique,Sesamum indicum
20,brassica nigra,287192-1,Mutarda nigra,Mutarda nigra (L.) Bernh.,Brassicaceae,Species,Mutarda nigra,Mutarda nigra (L.) Bernh.,287192-1,Mutarda,2682421,Synonym,direct_wcvp_unique,Brassica nigra
22,gentiana officinalis,368591-1,Gentiana officinalis,Gentiana officinalis Harry Sm.,Gentianaceae,Species,Gentiana officinalis,Gentiana officinalis Harry Sm.,368591-1,Gentiana,2821065,Accepted,direct_wcvp_unique,Gentiana officinalis
23,medicago sativa,30234961-2,Medicago sativa,Medicago sativa L.,Fabaceae,Species,Medicago sativa,Medicago sativa L.,30234961-2,Medicago,2369031,Accepted,direct_wcvp_unique,Medicago sativa
24,achillea millefolium,2294-2,Achillea millefolium,Achillea millefolium L.,Asteraceae,Species,Achillea millefolium,Achillea millefolium L.,2294-2,Achillea,2908230,Accepted,direct_wcvp_unique,Achillea millefolium
26,chasmanthera dependens hoechst,580270-1,Chasmanthera dependens,Chasmanthera dependens Hochst.,Menispermaceae,Species,Chasmanthera dependens,Chasmanthera dependens Hochst.,580270-1,Chasmanthera,2715956,Accepted,autoresolution,Chasmanthera dependens
27,eucommia ulmoides,554475-1,Eucommia ulmoides,Eucommia ulmoides Oliv.,Eucommiaceae,Species,Eucommia ulmoides,Eucommia ulmoides Oliv.,554475-1,Eucommia,514395,Accepted,direct_wcvp_unique,Eucommia ulmoides
28,allium cepa,527795-1,Allium cepa,Allium cepa L.,Amaryllidaceae,Species,Allium cepa,Allium cepa L.,527795-1,Allium,295261,Accepted,direct_wcvp_unique,Allium cepa
29,ephedra sinica,383460-1,Ephedra sinica,Ephedra sinica Stapf,Ephedraceae,Species,Ephedra sinica,Ephedra sinica Stapf,383460-1,Ephedra,333041,Accepted,direct_wcvp_unique,Ephedra sinica
32,apium graveolens,838067-1,Apium graveolens,Apium graveolens L.,Apiaceae,Species,Apium graveolens,Apium graveolens L.,838067-1,Apium,2644053,Accepted,direct_wcvp,Apium graveolens
34,ceratonia siliqua,485647-1,Ceratonia siliqua,Ceratonia siliqua L.,Fabaceae,Species,Ceratonia siliqua,Ceratonia siliqua L.,485647-1,Ceratonia,2711136,Accepted,direct_wcvp_unique,Ceratonia siliqua
37,berberis pseudumbellata r.parker,107014-1,Berberis pseudumbellata,Berberis pseudumbellata R.Parker,Berberidaceae,Species,Berberis pseudumbellata,Berberis pseudumbellata R.Parker,107014-1,Berberis,2674336,Accepted,direct_wcvp_w_author_unique,Berberis pseudumbellata R.Parker
39,armoracia rusticana,278747-1,Armoracia rusticana,"Armoracia rusticana G.Gaertn., B.Mey. & Scherb.",Brassicaceae,Species,Armoracia rusticana,"Armoracia rusticana G.Gaertn., B.Mey. & Scherb.",278747-1,Armoracia,2652952,Accepted,direct_wcvp_unique,Armoracia rusticana
41,linum usitatissimum,544772-1,Linum usitatissimum,Linum usitatissimum L.,Linaceae,Species,Linum usitatissimum,Linum usitatissimum L.,544772-1,Linum,2353429,Accepted,direct_wcvp_unique,Linum usitatissimum
43,mahonia repens,31531-2,Berberis repens,Berberis repens Lindl.,Berberidaceae,Species,Berberis repens,Berberis repens Lindl.,31531-2,Berberis,2359304,Synonym,direct_wcvp_unique,Mahonia repens
44,forsythia suspensa,608900-1,Forsythia suspensa,Forsythia suspensa (Thunb.) Vahl,Oleaceae,Species,Forsythia suspensa,Forsythia suspensa (Thunb.) Vahl,608900-1,Forsythia,369441,Accepted,direct_wcvp_unique,Forsythia suspensa
45,acacia senegal,518304-1,Senegalia senegal,Senegalia senegal (L.) Britton,Fabaceae,Species,Senegalia senegal,Senegalia senegal (L.) Britton,518304-1,Senegalia,2613788,Synonym,direct_wcvp_unique,Acacia senegal
46,carica papaya,30011248-2,Carica papaya,Carica papaya L.,Caricaceae,Species,Carica papaya,Carica papaya L.,30011248-2,Carica,2700919,Accepted,direct_wcvp_unique,Carica papaya
47,matricaria recuitita,154715-2,Matricaria chamomilla,Matricaria chamomilla L.,Asteraceae,Species,Matricaria chamomilla,Matricaria chamomilla L.,154715-2,Matricaria,2906537,Synonym,openrefine_unique,Asteraceae Matricaria recutita L.
51,annickia polycarpa (dc. )setten & maas ex i.m.turner,77116323-1,Annickia polycarpa,Annickia polycarpa (DC.) Setten & Maas ex I.M.Turner,Annonaceae,Species,Annickia polycarpa,Annickia polycarpa (DC.) Setten & Maas ex I.M.Turner,77116323-1,Annickia,2640766,Accepted,knms_single,Annickia polycarpa Phytotaxa 32: 52 (2011) (DC.) Setten & Maas ex I.M.Turner 2011
53,scrophularia lucida,809316-1,Scrophularia lucida,Scrophularia lucida L.,Scrophulariaceae,Species,Scrophularia lucida,Scrophularia lucida L.,809316-1,Scrophularia,2587278,Accepted,direct_wcvp,Scrophularia lucida
55,duboisia myoporoides,815656-1,Duboisia myoporoides,Duboisia myoporoides R.Br.,Solanaceae,Species,Duboisia myoporoides,Duboisia myoporoides R.Br.,815656-1,Duboisia,2778803,Accepted,direct_wcvp_unique,Duboisia myoporoides
56,urechites suberecta,942487-1,Pentalinon luteum,Pentalinon luteum (L.) B.F.Hansen & Wunderlin,Apocynaceae,Species,Pentalinon luteum,Pentalinon luteum (L.) B.F.Hansen & Wunderlin,942487-1,Pentalinon,210989,Synonym,knms_single,Urechites suberectus Linnaea 30: 444 (1860) (Jacq.) Müll.Arg. 1860
57,elymus repens,90320-2,Elymus repens,Elymus repens (L.) Gould,Poaceae,Species,Elymus repens,Elymus repens (L.) Gould,90320-2,Elymus,411505,Accepted,direct_wcvp_unique,Elymus repens
58,colchicum autumnale,533232-1,Colchicum autumnale,Colchicum autumnale L.,Colchicaceae,Species,Colchicum autumnale,Colchicum autumnale L.,533232-1,Colchicum,302771,Accepted,direct_wcvp_unique,Colchicum autumnale
59,allium sativum,528796-1,Allium sativum,Allium sativum L.,Amaryllidaceae,Species,Allium sativum,Allium sativum L.,528796-1,Allium,296499,Accepted,direct_wcvp_unique,Allium sativum
60,caulophyllum thalictroides,1056122-2,Caulophyllum thalictroides,Caulophyllum thalictroides (L.) Michx.,Berberidaceae,Species,Caulophyllum thalictroides,Caulophyllum thalictroides (L.) Michx.,1056122-2,Caulophyllum,2706078,Accepted,direct_wcvp,Caulophyllum thalictroides
62,vaccinium macrocarpum,261912-2,Vaccinium macrocarpon,Vaccinium macrocarpon Aiton,Ericaceae,Species,Vaccinium macrocarpon,Vaccinium macrocarpon Aiton,261912-2,Vaccinium,2457729,Accepted,knms_single,Vaccinium macrocarpon Hort. Kew. 2: 13 (1789) Aiton 1789
63,equisetum myriochaetum,77060052-1,Equisetum myriochaetum,Equisetum myriochaetum Schltdl. & Cham.,Equisetaceae,Species,Equisetum myriochaetum,Equisetum myriochaetum Schltdl. & Cham.,77060052-1,Equisetum,3137125,Accepted,direct_wcvp_unique,Equisetum myriochaetum
65,berberis tinctoria lesch,107137-1,Berberis tinctoria,Berberis tinctoria Lesch.,Berberidaceae,Species,Berberis tinctoria,Berberis tinctoria Lesch.,107137-1,Berberis,2674529,Accepted,direct_wcvp_w_author_unique,Berberis tinctoria Lesch.
66,scutellaria lateriflora,458402-1,Scutellaria lateriflora,Scutellaria lateriflora L.,Lamiaceae,Species,Scutellaria lateriflora,Scutellaria lateriflora L.,458402-1,Scutellaria,189301,Accepted,direct_wcvp_unique,Scutellaria lateriflora
68,argemone platyceras l,671713-1,Argemone platyceras,Argemone platyceras Link & Otto,Papaveraceae,Species,Argemone platyceras,Argemone platyceras Link & Otto,671713-1,Argemone,2650548,Accepted,knms_single,Argemone platyceras Icon. Pl. Rar. 1: 58 (1829) Link & Otto 1829
70,levisticum officinale,844187-1,Levisticum officinale,Levisticum officinale W.D.J.Koch,Apiaceae,Species,Levisticum officinale,Levisticum officinale W.D.J.Koch,844187-1,Levisticum,2341672,Accepted,direct_wcvp_unique,Levisticum officinale
71,polygala senega,283498-2,Polygala senega,Polygala senega L.,Polygalaceae,Species,Polygala senega,Polygala senega L.,283498-2,Polygala,2573250,Accepted,direct_wcvp_unique,Polygala senega
72,pausinystalia yohimbe,747599-1,Corynanthe johimbe,Corynanthe johimbe K.Schum.,Rubiaceae,Species,Corynanthe johimbe,Corynanthe johimbe K.Schum.,747599-1,Corynanthe,148191,Synonym,knms_single,Pausinystalia johimbe Actes Soc. Linn. Bordeaux 61: 130 (1906) (K.Schum.) Pierre 1906
74,ulmus rubra,306680-2,Ulmus rubra,Ulmus rubra Muhl.,Ulmaceae,Species,Ulmus rubra,Ulmus rubra Muhl.,306680-2,Ulmus,2448805,Accepted,direct_wcvp_unique,Ulmus rubra
77,chelidonium majus,303589-2,Chelidonium majus,Chelidonium majus L.,Papaveraceae,Species,Chelidonium majus,Chelidonium majus L.,303589-2,Chelidonium,2716702,Accepted,direct_wcvp_unique,Chelidonium majus
78,filipendula ulmaria,724943-1,Filipendula ulmaria,Filipendula ulmaria (L.) Maxim.,Rosaceae,Species,Filipendula ulmaria,Filipendula ulmaria (L.) Maxim.,724943-1,Filipendula,2921975,Accepted,direct_wcvp_unique,Filipendula ulmaria
79,ocimum vaalae,445902-1,Coleus amboinicus,Coleus amboinicus Lour.,Lamiaceae,Species,Coleus amboinicus,Coleus amboinicus Lour.,445902-1,Coleus,137130,Synonym,direct_wcvp_unique,Ocimum vaalae
81,thymus vulgaris,461765-1,Thymus vulgaris,Thymus vulgaris L.,Lamiaceae,Species,Thymus vulgaris,Thymus vulgaris L.,461765-1,Thymus,205645,Accepted,direct_wcvp_unique,Thymus vulgaris
90,berberis vulgaris l,328527-2,Berberis vulgaris,Berberis vulgaris L.,Berberidaceae,Species,Berberis vulgaris,Berberis vulgaris L.,328527-2,Berberis,2674612,Accepted,direct_wcvp_w_author_unique,Berberis vulgaris L.
93,aloe vera,530017-1,Aloe vera,Aloe vera (L.) Burm.f.,Asphodelaceae,Species,Aloe vera,Aloe vera (L.) Burm.f.,530017-1,Aloe,298116,Accepted,direct_wcvp,Aloe vera
95,prunus persica,1212858-2,Prunus persica,Prunus persica (L.) Batsch,Rosaceae,Species,Prunus persica,Prunus persica (L.) Batsch,1212858-2,Prunus,2901279,Accepted,direct_wcvp_unique,Prunus persica
97,nasturtium officinale,287534-1,Nasturtium officinale,Nasturtium officinale W.T.Aiton,Brassicaceae,Species,Nasturtium officinale,Nasturtium officinale W.T.Aiton,287534-1,Nasturtium,2381026,Accepted,direct_wcvp_unique,Nasturtium officinale
98,verbascum thapsus,770183-1,Verbascum thapsus,Verbascum thapsus L.,Scrophulariaceae,Species,Verbascum thapsus,Verbascum thapsus L.,770183-1,Verbascum,2453334,Accepted,direct_wcvp_unique,Verbascum thapsus
99,salvia officinalis,456833-1,Salvia officinalis,Salvia officinalis L.,Lamiaceae,Species,Salvia officinalis,Salvia officinalis L.,456833-1,Salvia,183353,Accepted,direct_wcvp_unique,Salvia officinalis
100,lycium chinense,816389-1,Lycium chinense,Lycium chinense Mill.,Solanaceae,Species,Lycium chinense,Lycium chinense Mill.,816389-1,Lycium,2496344,Accepted,direct_wcvp_unique,Lycium chinense
101,glycyrrhiza glabra,496941-1,Glycyrrhiza glabra,Glycyrrhiza glabra L.,Fabaceae,Species,Glycyrrhiza glabra,Glycyrrhiza glabra L.,496941-1,Glycyrrhiza,2827728,Accepted,direct_wcvp_unique,Glycyrrhiza glabra
105,cannabis sativa,306087-2,Cannabis sativa,Cannabis sativa L.,Cannabaceae,Species,Cannabis sativa,Cannabis sativa L.,306087-2,Cannabis,2696480,Accepted,direct_wcvp_unique,Cannabis sativa
106,mentha spicata,451162-1,Mentha spicata,Mentha spicata L.,Lamiaceae,Species,Mentha spicata,Mentha spicata L.,451162-1,Mentha,125402,Accepted,direct_wcvp_unique,Mentha spicata
109,papaver dubium var. lecoquii,673488-1,Papaver dubium,Papaver dubium L.,Papaveraceae,Species,Papaver dubium,Papaver dubium L.,673488-1,Papaver,2560793,Accepted,autoresolution,Papaver dubium
112,monarda fistulosa,452042-1,Monarda fistulosa,Monarda fistulosa L.,Lamiaceae,Species,Monarda fistulosa,Monarda fistulosa L.,452042-1,Monarda,129185,Accepted,direct_wcvp_unique,Monarda fistulosa
113,mahonia fortunei (lindl. )fedde,106663-1,Berberis fortunei,Berberis fortunei Lindl.,Berberidaceae,Species,Berberis fortunei,Berberis fortunei Lindl.,106663-1,Berberis,2358498,Synonym,knms_single,Mahonia fortunei Bot. Jahrb. Syst. 31: 130 (1901) (Lindl.) Fedde 1901
114,arctostaphylos uva-ursi,1024084-2,Arctostaphylos uva-ursi,Arctostaphylos uva-ursi (L.) Spreng.,Ericaceae,Species,Arctostaphylos uva-ursi,Arctostaphylos uva-ursi (L.) Spreng.,1024084-2,Arctostaphylos,2647407,Accepted,direct_wcvp_unique,Arctostaphylos uva-ursi
115,plantago lanceolata,321285-2,Plantago lanceolata,Plantago lanceolata L.,Plantaginaceae,Species,Plantago lanceolata,Plantago lanceolata L.,321285-2,Plantago,2569834,Accepted,direct_wcvp_unique,Plantago lanceolata
116,vaccinium myrtillus,30006039-2,Vaccinium myrtillus,Vaccinium myrtillus L.,Ericaceae,Species,Vaccinium myrtillus,Vaccinium myrtillus L.,30006039-2,Vaccinium,2457648,Accepted,direct_wcvp_unique,Vaccinium myrtillus
118,trigonella foenum-graecum,523957-1,Trigonella foenum-graecum,Trigonella foenum-graecum L.,Fabaceae,Species,Trigonella foenum-graecum,Trigonella foenum-graecum L.,523957-1,Trigonella,2441407,Accepted,direct_wcvp_unique,Trigonella foenum-graecum
119,artemisia annua,304416-2,Artemisia annua,Artemisia annua L.,Asteraceae,Species,Artemisia annua,Artemisia annua L.,304416-2,Artemisia,2901442,Accepted,direct_wcvp,Artemisia annua
120,aesculus hippocastanum,781594-1,Aesculus hippocastanum,Aesculus hippocastanum L.,Sapindaceae,Species,Aesculus hippocastanum,Aesculus hippocastanum L.,781594-1,Aesculus,2624517,Accepted,direct_wcvp_unique,Aesculus hippocastanum
121,tsuga heterophylla,260297-2,Tsuga heterophylla,Tsuga heterophylla (Raf.) Sarg.,Pinaceae,Species,Tsuga heterophylla,Tsuga heterophylla (Raf.) Sarg.,260297-2,Tsuga,379395,Accepted,direct_wcvp_unique,Tsuga heterophylla
122,ilex paraguayensis,77231540-1,Ilex paraguariensis var. paraguariensis,Ilex paraguariensis var. paraguariensis,Aquifoliaceae,Variety,Ilex paraguariensis,Ilex paraguariensis A.St.-Hil.,315555-2,Ilex paraguariensis,2861241,Synonym,direct_wcvp_unique,Ilex paraguayensis
124,boswellia serrata,127067-1,Boswellia serrata,Boswellia serrata Roxb.,Burseraceae,Species,Boswellia serrata,Boswellia serrata Roxb.,127067-1,Boswellia,2680580,Accepted,direct_wcvp_unique,Boswellia serrata
125,coptis groenlandica,710328-1,Coptis trifolia,Coptis trifolia (L.) Salisb.,Ranunculaceae,Species,Coptis trifolia,Coptis trifolia (L.) Salisb.,710328-1,Coptis,2736111,Synonym,direct_wcvp_unique,Coptis groenlandica
126,nyssa aquatica,302695-2,Nyssa aquatica,Nyssa aquatica L.,Nyssaceae,Species,Nyssa aquatica,Nyssa aquatica L.,302695-2,Nyssa,136188,Accepted,direct_wcvp_unique,Nyssa aquatica
127,tanacetum parthenium,252460-1,Tanacetum parthenium,Tanacetum parthenium (L.) Sch.Bip.,Asteraceae,Species,Tanacetum parthenium,Tanacetum parthenium (L.) Sch.Bip.,252460-1,Tanacetum,2916972,Accepted,direct_wcvp_unique,Tanacetum parthenium
128,oenothera biennis,172755-2,Oenothera biennis,Oenothera biennis L.,Onagraceae,Species,Oenothera biennis,Oenothera biennis L.,172755-2,Oenothera,2399189,Accepted,direct_wcvp_unique,Oenothera biennis
130,ocimum basilicum,452874-1,Ocimum basilicum,Ocimum basilicum L.,Lamiaceae,Species,Ocimum basilicum,Ocimum basilicum L.,452874-1,Ocimum,136820,Accepted,direct_wcvp_unique,Ocimum basilicum
131,geranium maculatum,322491-2,Geranium maculatum,Geranium maculatum L.,Geraniaceae,Species,Geranium maculatum,Geranium maculatum L.,322491-2,Geranium,2823548,Accepted,direct_wcvp,Geranium maculatum
133,paullinia cupana,784110-1,Paullinia cupana,Paullinia cupana Kunth,Sapindaceae,Species,Paullinia cupana,Paullinia cupana Kunth,784110-1,Paullinia,2543056,Accepted,direct_wcvp_unique,Paullinia cupana
136,hedera helix,90723-1,Hedera helix,Hedera helix L.,Araliaceae,Species,Hedera helix,Hedera helix L.,90723-1,Hedera,96659,Accepted,direct_wcvp,Hedera helix
137,ammi visnaga,849956-1,Visnaga daucoides,Visnaga daucoides Gaertn.,Apiaceae,Species,Visnaga daucoides,Visnaga daucoides Gaertn.,849956-1,Visnaga,2633893,Synonym,direct_wcvp_unique,Ammi visnaga
138,oldfieldia dactylophylla (welw. ex oliv,352541-1,Oldfieldia dactylophylla,Oldfieldia dactylophylla (Welw. ex Oliv.) J.Léonard,Picrodendraceae,Species,Oldfieldia dactylophylla,Oldfieldia dactylophylla (Welw. ex Oliv.) J.Léonard,352541-1,Oldfieldia,138892,Accepted,knms_single,Oldfieldia dactylophylla Bull. Jard. Bot. État Bruxelles 26: 340 (1956) (Welw. ex Oliv.) J.Léonard 1956
139,saponaria officinalis,156627-1,Saponaria officinalis,Saponaria officinalis L.,Caryophyllaceae,Species,Saponaria officinalis,Saponaria officinalis L.,156627-1,Saponaria,2484914,Accepted,direct_wcvp_unique,Saponaria officinalis
140,veronica officinalis,812402-1,Veronica officinalis,Veronica officinalis L.,Plantaginaceae,Species,Veronica officinalis,Veronica officinalis L.,812402-1,Veronica,2463283,Accepted,direct_wcvp_unique,Veronica officinalis
142,artocarpus tonkinensis,582651-1,Artocarpus tonkinensis,Artocarpus tonkinensis A.Chev. ex Gagnep.,Moraceae,Species,Artocarpus tonkinensis,Artocarpus tonkinensis A.Chev. ex Gagnep.,582651-1,Artocarpus,2654101,Accepted,direct_wcvp_unique,Artocarpus tonkinensis
144,lavandula officinalis chaix,77171433-1,Lavandula angustifolia subsp. angustifolia,Lavandula angustifolia subsp. angustifolia,Lamiaceae,Subspecies,Lavandula angustifolia,Lavandula angustifolia Mill.,449008-1,Lavandula angustifolia,109056,Synonym,direct_wcvp_w_author_unique,Lavandula officinalis Chaix
145,olea europaea,610675-1,Olea europaea,Olea europaea L.,Oleaceae,Species,Olea europaea,Olea europaea L.,610675-1,Olea,355112,Accepted,direct_wcvp_unique,Olea europaea
146,origanum vulgare,453395-1,Origanum vulgare,Origanum vulgare L.,Lamiaceae,Species,Origanum vulgare,Origanum vulgare L.,453395-1,Origanum,143954,Accepted,direct_wcvp_unique,Origanum vulgare
149,ruta graveolens,775099-1,Ruta graveolens,Ruta graveolens L.,Rutaceae,Species,Ruta graveolens,Ruta graveolens L.,775099-1,Ruta,2527408,Accepted,direct_wcvp_unique,Ruta graveolens
152,nepeta cataria,452333-1,Nepeta cataria,Nepeta cataria L.,Lamiaceae,Species,Nepeta cataria,Nepeta cataria L.,452333-1,Nepeta,134509,Accepted,direct_wcvp_unique,Nepeta cataria
153,hibiscus sabdariffa,326388-2,Hibiscus sabdariffa,Hibiscus sabdariffa L.,Malvaceae,Species,Hibiscus sabdariffa,Hibiscus sabdariffa L.,326388-2,Hibiscus,2850461,Accepted,direct_wcvp_unique,Hibiscus sabdariffa
157,annickia chlorantha (oliv. )setten & maas,948442-1,Annickia chlorantha,Annickia chlorantha (Oliv.) Setten & Maas,Annonaceae,Species,Annickia chlorantha,Annickia chlorantha (Oliv.) Setten & Maas,948442-1,Annickia,2640759,Accepted,knms_single,Annickia chlorantha Taxon 39: 676 (1990) (Oliv.) Setten & Maas 1990
160,tanacetum vulgare,252568-1,Tanacetum vulgare,Tanacetum vulgare L.,Asteraceae,Species,Tanacetum vulgare,Tanacetum vulgare L.,252568-1,Tanacetum,2929189,Accepted,direct_wcvp_unique,Tanacetum vulgare
161,vicia faba,524737-1,Vicia faba,Vicia faba L.,Fabaceae,Species,Vicia faba,Vicia faba L.,524737-1,Vicia,2452318,Accepted,direct_wcvp_unique,Vicia faba
163,berberis aristata,106427-1,Berberis aristata,Berberis aristata DC.,Berberidaceae,Species,Berberis aristata,Berberis aristata DC.,106427-1,Berberis,2673438,Accepted,direct_wcvp_unique,Berberis aristata
164,leonurus cardiaca,449168-1,Leonurus cardiaca,Leonurus cardiaca L.,Lamiaceae,Species,Leonurus cardiaca,Leonurus cardiaca L.,449168-1,Leonurus,109505,Accepted,direct_wcvp_unique,Leonurus cardiaca
166,origanum onites,453331-1,Origanum onites,Origanum onites L.,Lamiaceae,Species,Origanum onites,Origanum onites L.,453331-1,Origanum,143884,Accepted,direct_wcvp_unique,Origanum onites
167,panax ginseng,91472-1,Panax ginseng,Panax ginseng C.A.Mey.,Araliaceae,Species,Panax ginseng,Panax ginseng C.A.Mey.,91472-1,Panax,146697,Accepted,direct_wcvp_unique,Panax ginseng
170,portulaca oleracea,323270-2,Portulaca oleracea,Portulaca oleracea L.,Portulacaceae,Species,Portulaca oleracea,Portulaca oleracea L.,323270-2,Portulaca,2566490,Accepted,direct_wcvp_unique,Portulaca oleracea
171,ageratina petiolaris,6986-2,Ageratina petiolaris,Ageratina petiolaris (Moc. & Sessé ex DC.) R.M.King & H.Rob.,Asteraceae,Species,Ageratina petiolaris,Ageratina petiolaris (Moc. & Sessé ex DC.) R.M.King & H.Rob.,6986-2,Ageratina,3127467,Accepted,direct_wcvp_unique,Ageratina petiolaris
172,punica granatum,554129-1,Punica granatum,Punica granatum L.,Lythraceae,Species,Punica granatum,Punica granatum L.,554129-1,Punica,2536844,Accepted,direct_wcvp_unique,Punica granatum
174,perilla frutescens,190343-2,Perilla frutescens,Perilla frutescens (L.) Britton,Lamiaceae,Species,Perilla frutescens,Perilla frutescens (L.) Britton,190343-2,Perilla,150299,Accepted,direct_wcvp_unique,Perilla frutescens
175,curcuma longa,796451-1,Curcuma longa,Curcuma longa L.,Zingiberaceae,Species,Curcuma longa,Curcuma longa L.,796451-1,Curcuma,235249,Accepted,direct_wcvp_unique,Curcuma longa
176,commiphora molmol,127741-1,Commiphora myrrha,Commiphora myrrha (T.Nees) Engl.,Burseraceae,Species,Commiphora myrrha,Commiphora myrrha (T.Nees) Engl.,127741-1,Commiphora,2733582,Synonym,direct_wcvp_unique,Commiphora molmol
180,stellaria media,159330-1,Stellaria media,Stellaria media (L.) Vill.,Caryophyllaceae,Species,Stellaria media,Stellaria media (L.) Vill.,159330-1,Stellaria,2481938,Accepted,direct_wcvp,Stellaria media
181,helianthus annuus,119003-2,Helianthus annuus,Helianthus annuus L.,Asteraceae,Species,Helianthus annuus,Helianthus annuus L.,119003-2,Helianthus,2910966,Accepted,direct_wcvp_unique,Helianthus annuus
182,nandina domestica thunb,107544-1,Nandina domestica,Nandina domestica Thunb.,Berberidaceae,Species,Nandina domestica,Nandina domestica Thunb.,107544-1,Nandina,2380006,Accepted,direct_wcvp_w_author_unique,Nandina domestica Thunb.
183,momordica charantia,293413-1,Momordica charantia,Momordica charantia L.,Cucurbitaceae,Species,Momordica charantia,Momordica charantia L.,293413-1,Momordica,2372864,Accepted,direct_wcvp_unique,Momordica charantia
185,corydalis solida subsp. tauricola,946465-1,Corydalis tauricola,Corydalis tauricola (Cullen & P.H.Davis) Lidén,Papaveraceae,Species,Corydalis tauricola,Corydalis tauricola (Cullen & P.H.Davis) Lidén,946465-1,Corydalis,2739282,Synonym,direct_wcvp_unique,Corydalis solida subsp. tauricola
186,hydnocarpus wightiana,365635-1,Hydnocarpus pentandrus,Hydnocarpus pentandrus (Buch.-Ham.) Oken,Achariaceae,Species,Hydnocarpus pentandrus,Hydnocarpus pentandrus (Buch.-Ham.) Oken,365635-1,Hydnocarpus,2912431,Synonym,knms_single,Hydnocarpus wightianus Rumphia 4: 22 (1849) Blume 1849
187,capsella bursa-pastoris,30092589-2,Capsella bursa-pastoris,Capsella bursa-pastoris (L.) Medik.,Brassicaceae,Species,Capsella bursa-pastoris,Capsella bursa-pastoris (L.) Medik.,30092589-2,Capsella,2697999,Accepted,direct_wcvp_unique,Capsella bursa-pastoris
188,lycium barbarum,816356-1,Lycium barbarum,Lycium barbarum L.,Solanaceae,Species,Lycium barbarum,Lycium barbarum L.,816356-1,Lycium,2499019,Accepted,direct_wcvp,Lycium barbarum
189,hunteria umbellata k. schum,79368-1,Hunteria umbellata,Hunteria umbellata (K.Schum.) Hallier f.,Apocynaceae,Species,Hunteria umbellata,Hunteria umbellata (K.Schum.) Hallier f.,79368-1,Hunteria,100819,Accepted,knms_single,Hunteria umbellata Jahrb. Hamburg. Wiss. Anst. 17: 190 (1899) (K.Schum.) Hallier f. 1899
191,pilocarpus jaborandi,196492-2,Pilocarpus jaborandi,Pilocarpus jaborandi Holmes,Rutaceae,Species,Pilocarpus jaborandi,Pilocarpus jaborandi Holmes,196492-2,Pilocarpus,2543316,Accepted,direct_wcvp_unique,Pilocarpus jaborandi
192,corydalis solida subsp.brachylova,77252296-1,Corydalis solida subsp. brachyloba,Corydalis solida subsp. brachyloba (Boiss.) Cullen & P.H.Davis,Papaveraceae,Subspecies,Corydalis solida,Corydalis solida (L.) Clairv.,60454743-2,Corydalis solida,3231877,Accepted,openrefine_unique,Papaveraceae Corydalis solida (L.) Clairv. subsp. brachyloba (Boiss.) Cullen & P.H.Davis
193,citrullus colocynthis,291930-1,Citrullus colocynthis,Citrullus colocynthis (L.) Schrad.,Cucurbitaceae,Species,Citrullus colocynthis,Citrullus colocynthis (L.) Schrad.,291930-1,Citrullus,2723897,Accepted,direct_wcvp_unique,Citrullus colocynthis
196,tapinanthus globiferus,551928-1,Tapinanthus globifer,Tapinanthus globifer (A.Rich.) Tiegh.,Loranthaceae,Species,Tapinanthus globifer,Tapinanthus globifer (A.Rich.) Tiegh.,551928-1,Tapinanthus,2441840,Accepted,openrefine_unique,Loranthaceae Tapinanthus globifer (A.Rich.) Tiegh.
197,rhamnus purshianus,30426867-2,Frangula purshiana,Frangula purshiana (DC.) A.Gray ex J.G.Cooper,Rhamnaceae,Species,Frangula purshiana,Frangula purshiana (DC.) A.Gray ex J.G.Cooper,30426867-2,Frangula,2522773,Synonym,knms_single,Rhamnus purshiana Prodr. 2: 25 (1825) DC. 1825
198,taxus brevifolia,249736-2,Taxus brevifolia,Taxus brevifolia Nutt.,Taxaceae,Species,Taxus brevifolia,Taxus brevifolia Nutt.,249736-2,Taxus,378623,Accepted,direct_wcvp_unique,Taxus brevifolia
199,syzygium legatii,601851-1,Syzygium legatii,Syzygium legatii Burtt Davy & Greenway,Myrtaceae,Species,Syzygium legatii,Syzygium legatii Burtt Davy & Greenway,601851-1,Syzygium,199821,Accepted,direct_wcvp_unique,Syzygium legatii
200,hydrastis canadensis,305699-2,Hydrastis canadensis,Hydrastis canadensis L.,Ranunculaceae,Species,Hydrastis canadensis,Hydrastis canadensis L.,305699-2,Hydrastis,2855852,Accepted,direct_wcvp,Hydrastis canadensis
202,chenopodium quinoa,165175-1,Chenopodium quinoa,Chenopodium quinoa Willd.,Amaranthaceae,Species,Chenopodium quinoa,Chenopodium quinoa Willd.,165175-1,Chenopodium,2717733,Accepted,direct_wcvp_unique,Chenopodium quinoa
203,schisandra chinensis(turcz.) bail,60456331-2,Schisandra chinensis,Schisandra chinensis (Turcz.) Baill.,Schisandraceae,Species,Schisandra chinensis,Schisandra chinensis (Turcz.) Baill.,60456331-2,Schisandra,381262,Accepted,knms_single,Schisandra chinensis Hist. Pl. 1: 148 (1868) (Turcz.) Baill. 1868
205,calendula officinalis,187894-1,Calendula officinalis,Calendula officinalis L.,Asteraceae,Species,Calendula officinalis,Calendula officinalis L.,187894-1,Calendula,2910167,Accepted,direct_wcvp_unique,Calendula officinalis
206,tilia europaea,835306-1,Tilia × europaea,Tilia × europaea L.,Malvaceae,Species,Tilia × europaea,Tilia × europaea L.,835306-1,Tilia,2518295,Accepted,knms_single,Tilia × europaea Sp. Pl.: 514 (1753) L. 1753
208,cucurbita pepo,292416-1,Cucurbita pepo,Cucurbita pepo L.,Cucurbitaceae,Species,Cucurbita pepo,Cucurbita pepo L.,292416-1,Cucurbita,2747186,Accepted,direct_wcvp_unique,Cucurbita pepo
210,avena sativa,391732-1,Avena sativa,Avena sativa L.,Poaceae,Species,Avena sativa,Avena sativa L.,391732-1,Avena,397860,Accepted,direct_wcvp_unique,Avena sativa
212,combretum collinum fresen,170004-1,Combretum collinum,Combretum collinum Fresen.,Combretaceae,Species,Combretum collinum,Combretum collinum Fresen.,170004-1,Combretum,2732500,Accepted,direct_wcvp_w_author_unique,Combretum collinum Fresen.
214,scutellaria baicalensis,458155-1,Scutellaria baicalensis,Scutellaria baicalensis Georgi,Lamiaceae,Species,Scutellaria baicalensis,Scutellaria baicalensis Georgi,458155-1,Scutellaria,188938,Accepted,direct_wcvp_unique,Scutellaria baicalensis
215,syringa vulgaris,289009-2,Syringa vulgaris,Syringa vulgaris L.,Oleaceae,Species,Syringa vulgaris,Syringa vulgaris L.,289009-2,Syringa,356495,Accepted,direct_wcvp_unique,Syringa vulgaris
216,centaurea ragusina l,191406-1,Centaurea ragusina,Centaurea ragusina L.,Asteraceae,Species,Centaurea ragusina,Centaurea ragusina L.,191406-1,Centaurea,3049113,Accepted,direct_wcvp_w_author_unique,Centaurea ragusina L.
217,piliostigma thonningii (schum.) milne-redh,514346-1,Piliostigma thonningii,Piliostigma thonningii (Schumach.) Milne-Redh.,Fabaceae,Species,Piliostigma thonningii,Piliostigma thonningii (Schumach.) Milne-Redh.,514346-1,Piliostigma,2539801,Accepted,knms_single,Piliostigma thonningii Hooker's Icon. Pl. 35: t. 3460 (1947) (Schumach.) Milne-Redh. 1947
218,brassica oleracea,279435-1,Brassica oleracea,Brassica oleracea L.,Brassicaceae,Species,Brassica oleracea,Brassica oleracea L.,279435-1,Brassica,2682457,Accepted,direct_wcvp_unique,Brassica oleracea
220,prunus serotina,730262-1,Prunus serotina,Prunus serotina Ehrh.,Rosaceae,Species,Prunus serotina,Prunus serotina Ehrh.,730262-1,Prunus,2915966,Accepted,direct_wcvp,Prunus serotina
221,crocus sativus,436688-1,Crocus sativus,Crocus sativus L.,Iridaceae,Species,Crocus sativus,Crocus sativus L.,436688-1,Crocus,327454,Accepted,direct_wcvp_unique,Crocus sativus
224,spinacia oleracea,167384-1,Spinacia oleracea,Spinacia oleracea L.,Amaranthaceae,Species,Spinacia oleracea,Spinacia oleracea L.,167384-1,Spinacia,2483900,Accepted,direct_wcvp_unique,Spinacia oleracea
225,cryptostegia grandiflora,95962-1,Cryptostegia grandiflora,Cryptostegia grandiflora Roxb. ex R.Br.,Apocynaceae,Species,Cryptostegia grandiflora,Cryptostegia grandiflora Roxb. ex R.Br.,95962-1,Cryptostegia,503275,Accepted,direct_wcvp_unique,Cryptostegia grandiflora
228,papaver somniferum,673724-1,Papaver somniferum,Papaver somniferum L.,Papaveraceae,Species,Papaver somniferum,Papaver somniferum L.,673724-1,Papaver,2561497,Accepted,direct_wcvp_unique,Papaver somniferum
229,ficus religiosa,853563-1,Ficus religiosa,Ficus religiosa L.,Moraceae,Species,Ficus religiosa,Ficus religiosa L.,853563-1,Ficus,2812027,Accepted,direct_wcvp,Ficus religiosa
230,cinchona pubescens,746872-1,Cinchona pubescens,Cinchona pubescens Vahl,Rubiaceae,Species,Cinchona pubescens,Cinchona pubescens Vahl,746872-1,Cinchona,40760,Accepted,direct_wcvp,Cinchona pubescens
231,ginkgo biloba,262125-1,Ginkgo biloba,Ginkgo biloba L.,Ginkgoaceae,Species,Ginkgo biloba,Ginkgo biloba L.,262125-1,Ginkgo,334053,Accepted,direct_wcvp_unique,Ginkgo biloba
232,prunus dulcis,30093848-2,Prunus avium,Prunus avium (L.) L.,Rosaceae,Species,Prunus avium,Prunus avium (L.) L.,30093848-2,Prunus,2917140,Synonym,direct_wcvp,Prunus dulcis
233,foeniculum vulgare,842680-1,Foeniculum vulgare,Foeniculum vulgare Mill.,Apiaceae,Species,Foeniculum vulgare,Foeniculum vulgare Mill.,842680-1,Foeniculum,2813604,Accepted,direct_wcvp_unique,Foeniculum vulgare
234,orthosiphon aristatus,453446-1,Orthosiphon aristatus,Orthosiphon aristatus (Blume) Miq.,Lamiaceae,Species,Orthosiphon aristatus,Orthosiphon aristatus (Blume) Miq.,453446-1,Orthosiphon,144294,Accepted,direct_wcvp_unique,Orthosiphon aristatus
235,entada africana guill. & perr,493820-1,Entada africana,Entada africana Guill. & Perr.,Fabaceae,Species,Entada africana,Entada africana Guill. & Perr.,493820-1,Entada,2789428,Accepted,direct_wcvp_w_author_unique,Entada africana Guill. & Perr.
237,lycopersicon esculentum,316947-2,Solanum lycopersicum,Solanum lycopersicum L.,Solanaceae,Species,Solanum lycopersicum,Solanum lycopersicum L.,316947-2,Solanum,2496100,Synonym,direct_wcvp_unique,Lycopersicon esculentum
239,calophyllum inophyllum,427190-1,Calophyllum inophyllum,Calophyllum inophyllum L.,Calophyllaceae,Species,Calophyllum inophyllum,Calophyllum inophyllum L.,427190-1,Calophyllum,2693350,Accepted,direct_wcvp_unique,Calophyllum inophyllum
240,solidago virgaurea,249947-1,Solidago virgaurea,Solidago virgaurea L.,Asteraceae,Species,Solidago virgaurea,Solidago virgaurea L.,249947-1,Solidago,2911230,Accepted,direct_wcvp_unique,Solidago virgaurea
241,solanum tuberosum,821337-1,Solanum tuberosum,Solanum tuberosum L.,Solanaceae,Species,Solanum tuberosum,Solanum tuberosum L.,821337-1,Solanum,2909724,Accepted,direct_wcvp_unique,Solanum tuberosum
244,cytisus scoparius,489963-1,Cytisus scoparius,Cytisus scoparius (L.) Link,Fabaceae,Species,Cytisus scoparius,Cytisus scoparius (L.) Link,489963-1,Cytisus,2754907,Accepted,direct_wcvp_unique,Cytisus scoparius
245,camellia sinensis,828548-1,Camellia sinensis,Camellia sinensis (L.) Kuntze,Theaceae,Species,Camellia sinensis,Camellia sinensis (L.) Kuntze,828548-1,Camellia,2694880,Accepted,direct_wcvp_unique,Camellia sinensis
246,arnica montana,30090722-2,Arnica montana,Arnica montana L.,Asteraceae,Species,Arnica montana,Arnica montana L.,30090722-2,Arnica,2909364,Accepted,direct_wcvp,Arnica montana
247,malus domestica,726282-1,Malus domestica,Malus domestica (Suckow) Borkh.,Rosaceae,Species,Malus domestica,Malus domestica (Suckow) Borkh.,726282-1,Malus,2950597,Accepted,direct_wcvp_unique,Malus domestica
254,piper excelsum,681346-1,Piper excelsum,Piper excelsum G.Forst.,Piperaceae,Species,Piper excelsum,Piper excelsum G.Forst.,681346-1,Piper,2558442,Accepted,direct_wcvp_unique,Piper excelsum
255,terminalia bellirica (gaertn.) roxb,170982-1,Terminalia bellirica,Terminalia bellirica (Gaertn.) Roxb.,Combretaceae,Species,Terminalia bellirica,Terminalia bellirica (Gaertn.) Roxb.,170982-1,Terminalia,2431540,Accepted,direct_wcvp_w_author_unique,Terminalia bellirica (Gaertn.) Roxb.
258,cassia senna,518323-1,Senna alexandrina,Senna alexandrina Mill.,Fabaceae,Species,Senna alexandrina,Senna alexandrina Mill.,518323-1,Senna,2703961,Synonym,direct_wcvp_unique,Cassia senna
259,frangula alnus,717344-1,Frangula alnus,Frangula alnus Mill.,Rhamnaceae,Species,Frangula alnus,Frangula alnus Mill.,717344-1,Frangula,2814031,Accepted,direct_wcvp_unique,Frangula alnus
260,sida rhombifolia,235798-2,Sida rhombifolia,Sida rhombifolia L.,Malvaceae,Species,Sida rhombifolia,Sida rhombifolia L.,235798-2,Sida,2601837,Accepted,direct_wcvp_unique,Sida rhombifolia
261,pimpinella major,846901-1,Pimpinella major,Pimpinella major (L.) Huds.,Apiaceae,Species,Pimpinella major,Pimpinella major (L.) Huds.,846901-1,Pimpinella,2403195,Accepted,direct_wcvp_unique,Pimpinella major
262,cuminum cyminum,840882-1,Cuminum cyminum,Cuminum cyminum L.,Apiaceae,Species,Cuminum cyminum,Cuminum cyminum L.,840882-1,Cuminum,2747364,Accepted,direct_wcvp_unique,Cuminum cyminum
265,physostigma vene-nosum,514320-1,Physostigma venenosum,Physostigma venenosum Balf.,Fabaceae,Species,Physostigma venenosum,Physostigma venenosum Balf.,514320-1,Physostigma,2539792,Accepted,knms_single,Physostigma venenosum Trans. Roy. Soc. Edinburgh 22: 310 (1861) Balf. 1861
266,fadogia agrestis schweinf. ex hiern,77067582-1,Vangueria agrestis,Vangueria agrestis (Schweinf. ex Hiern) Lantz,Rubiaceae,Species,Vangueria agrestis,Vangueria agrestis (Schweinf. ex Hiern) Lantz,77067582-1,Vangueria,83643,Synonym,direct_wcvp_w_author_unique,Fadogia agrestis Schweinf. ex Hiern
267,silybum marianum,249211-1,Silybum marianum,Silybum marianum (L.) Gaertn.,Asteraceae,Species,Silybum marianum,Silybum marianum (L.) Gaertn.,249211-1,Silybum,2901907,Accepted,direct_wcvp_unique,Silybum marianum
270,loniceera japonica,148850-1,Lonicera japonica,Lonicera japonica Thunb.,Caprifoliaceae,Species,Lonicera japonica,Lonicera japonica Thunb.,148850-1,Lonicera,2339716,Accepted,knms_single,"Lonicera japonica J.A.Murray (ed.), Syst. Veg. ed. 14: 216 (1784) Thunb. 1784"
271,eriodictyon californicum,432090-1,Eriodictyon californicum,Eriodictyon californicum (Hook. & Arn.) Decne.,Boraginaceae,Species,Eriodictyon californicum,Eriodictyon californicum (Hook. & Arn.) Decne.,432090-1,Eriodictyon,2795509,Accepted,direct_wcvp_unique,Eriodictyon californicum
272,eucalyptus globulus,592965-1,Eucalyptus globulus,Eucalyptus globulus Labill.,Myrtaceae,Species,Eucalyptus globulus,Eucalyptus globulus Labill.,592965-1,Eucalyptus,73008,Accepted,direct_wcvp_unique,Eucalyptus globulus
275,podophyllum peltatum,107599-1,Podophyllum peltatum,Podophyllum peltatum L.,Berberidaceae,Species,Podophyllum peltatum,Podophyllum peltatum L.,107599-1,Podophyllum,2412818,Accepted,direct_wcvp_unique,Podophyllum peltatum
276,ficus natalensis hoechst,853264-1,Ficus natalensis,Ficus natalensis Hochst.,Moraceae,Species,Ficus natalensis,Ficus natalensis Hochst.,853264-1,Ficus,2811434,Accepted,autoresolution,Ficus natalensis
278,sabal serrulata,941782-1,Serenoa repens,Serenoa repens (W.Bartram) Small,Arecaceae,Species,Serenoa repens,Serenoa repens (W.Bartram) Small,941782-1,Serenoa,181064,Synonym,direct_wcvp_unique,Sabal serrulata
280,gaultheria procumbens,330655-1,Gaultheria procumbens,Gaultheria procumbens L.,Ericaceae,Species,Gaultheria procumbens,Gaultheria procumbens L.,330655-1,Gaultheria,2817983,Accepted,direct_wcvp_unique,Gaultheria procumbens
282,aspidosperma quebracho-blanco,77440-1,Aspidosperma quebracho-blanco,Aspidosperma quebracho-blanco Schltdl.,Apocynaceae,Species,Aspidosperma quebracho-blanco,Aspidosperma quebracho-blanco Schltdl.,77440-1,Aspidosperma,17346,Accepted,direct_wcvp_unique,Aspidosperma quebracho-blanco
283,valeriana officinalis,860012-1,Valeriana officinalis,Valeriana officinalis L.,Caprifoliaceae,Species,Valeriana officinalis,Valeriana officinalis L.,860012-1,Valeriana,2464616,Accepted,direct_wcvp_unique,Valeriana officinalis
292,beta vulgaris,164505-1,Beta vulgaris,Beta vulgaris L.,Amaranthaceae,Species,Beta vulgaris,Beta vulgaris L.,164505-1,Beta,2675613,Accepted,direct_wcvp_unique,Beta vulgaris
293,raphanus sativus,77159305-1,Raphanus raphanistrum subsp. sativus,Raphanus raphanistrum subsp. sativus (L.) Domin,Brassicaceae,Subspecies,Raphanus raphanistrum,Raphanus raphanistrum L.,217826-2,Raphanus raphanistrum,2422375,Synonym,direct_wcvp_unique,Raphanus sativus
294,lawsonia inermis,553638-1,Lawsonia inermis,Lawsonia inermis L.,Lythraceae,Species,Lawsonia inermis,Lawsonia inermis L.,553638-1,Lawsonia,2353863,Accepted,direct_wcvp_unique,Lawsonia inermis
295,ballota nigra,444976-1,Ballota nigra,Ballota nigra L.,Lamiaceae,Species,Ballota nigra,Ballota nigra L.,444976-1,Ballota,19633,Accepted,direct_wcvp_unique,Ballota nigra
297,ruscus aculeatus,540443-1,Ruscus aculeatus,Ruscus aculeatus L.,Asparagaceae,Species,Ruscus aculeatus,Ruscus aculeatus L.,540443-1,Ruscus,286704,Accepted,direct_wcvp_unique,Ruscus aculeatus
301,plantago ovata,685486-1,Plantago ovata,Plantago ovata Forssk.,Plantaginaceae,Species,Plantago ovata,Plantago ovata Forssk.,685486-1,Plantago,2569899,Accepted,direct_wcvp,Plantago ovata
304,zaleya decandra,96643-3,Zaleya decandra,Zaleya decandra (L.) Burm.f.,Aizoaceae,Species,Zaleya decandra,Zaleya decandra (L.) Burm.f.,96643-3,Zaleya,2451272,Accepted,direct_wcvp_unique,Zaleya decandra
305,citrus limon,60454758-2,Citrus × limon,Citrus × limon (L.) Osbeck,Rutaceae,Species,Citrus × limon,Citrus × limon (L.) Osbeck,60454758-2,Citrus,2724178,Accepted,knms_single,Citrus × limon Reise Ostindien: 250 (1765) (L.) Osbeck 1765
306,bertholettia excelsus,591270-1,Bertholletia excelsa,Bertholletia excelsa Bonpl.,Lecythidaceae,Species,Bertholletia excelsa,Bertholletia excelsa Bonpl.,591270-1,Bertholletia,313577,Accepted,knms_single,"Bertholletia excelsa F.W.H.A.von Humboldt & A.J.A.Bonpland, Pl. Aequinoct. 1: 122 (1808) Bonpl. 1808"
311,theobroma cacao,320783-2,Theobroma cacao,Theobroma cacao L.,Malvaceae,Species,Theobroma cacao,Theobroma cacao L.,320783-2,Theobroma,2519807,Accepted,direct_wcvp_unique,Theobroma cacao
312,krameria triandra,912741-1,Krameria lappacea,Krameria lappacea (Dombey) Burdet & B.B.Simpson,Krameriaceae,Species,Krameria lappacea,Krameria lappacea (Dombey) Burdet & B.B.Simpson,912741-1,Krameria,2336138,Synonym,direct_wcvp_unique,Krameria triandra
313,gymnema sylvestre,60454719-2,Gymnema sylvestre,Gymnema sylvestre (Retz.) R.Br. ex Sm.,Apocynaceae,Species,Gymnema sylvestre,Gymnema sylvestre (Retz.) R.Br. ex Sm.,60454719-2,Gymnema,506350,Accepted,direct_wcvp_unique,Gymnema sylvestre
315,anethum graveolens,837530-1,Anethum graveolens,Anethum graveolens L.,Apiaceae,Species,Anethum graveolens,Anethum graveolens L.,837530-1,Anethum,2638934,Accepted,direct_wcvp,Anethum graveolens
317,juglans regia,442427-1,Juglans regia,Juglans regia L.,Juglandaceae,Species,Juglans regia,Juglans regia L.,442427-1,Juglans,2331747,Accepted,direct_wcvp_unique,Juglans regia
319,pyrus communis,30065762-2,Pyrus communis,Pyrus communis L.,Rosaceae,Species,Pyrus communis,Pyrus communis L.,30065762-2,Pyrus,2963115,Accepted,direct_wcvp_unique,Pyrus communis
321,triticum aestivum,332110-2,Triticum aestivum,Triticum aestivum L.,Poaceae,Species,Triticum aestivum,Triticum aestivum L.,332110-2,Triticum,448365,Accepted,direct_wcvp_unique,Triticum aestivum
324,eleutherrococcus senticosus,90431-1,Eleutherococcus senticosus,Eleutherococcus senticosus (Rupr. & Maxim.) Maxim.,Araliaceae,Species,Eleutherococcus senticosus,Eleutherococcus senticosus (Rupr. & Maxim.) Maxim.,90431-1,Eleutherococcus,66477,Accepted,knms_single,Eleutherococcus senticosus Mém. Acad. Imp. Sci. St.-Pétersbourg Divers Savans 9: 132 (1859) (Rupr. & Maxim.) Maxim. 1859
325,berberis aquifolium pursh,31334-2,Berberis aquifolium,Berberis aquifolium Pursh,Berberidaceae,Species,Berberis aquifolium,Berberis aquifolium Pursh,31334-2,Berberis,2673426,Accepted,direct_wcvp_w_author_unique,Berberis aquifolium Pursh
327,rheum officinale,696768-1,Rheum officinale,Rheum officinale Baill.,Polygonaceae,Species,Rheum officinale,Rheum officinale Baill.,696768-1,Rheum,2425521,Accepted,direct_wcvp_unique,Rheum officinale
328,carthamus tinctorius,324467-2,Carthamus tinctorius,Carthamus tinctorius L.,Asteraceae,Species,Carthamus tinctorius,Carthamus tinctorius L.,324467-2,Carthamus,2900984,Accepted,direct_wcvp_unique,Carthamus tinctorius
329,monarda punctata,452072-1,Monarda punctata,Monarda punctata L.,Lamiaceae,Species,Monarda punctata,Monarda punctata L.,452072-1,Monarda,129232,Accepted,direct_wcvp_unique,Monarda punctata
330,scrophularia depauperata boiss,809142-1,Scrophularia depauperata,Scrophularia depauperata Boiss.,Scrophulariaceae,Species,Scrophularia depauperata,Scrophularia depauperata Boiss.,809142-1,Scrophularia,2586373,Accepted,direct_wcvp_w_author_unique,Scrophularia depauperata Boiss.
333,elettaria cardamomum,796556-1,Elettaria cardamomum,Elettaria cardamomum (L.) Maton,Zingiberaceae,Species,Elettaria cardamomum,Elettaria cardamomum (L.) Maton,796556-1,Elettaria,243056,Accepted,direct_wcvp_unique,Elettaria cardamomum
334,sambucus nigra,30122169-2,Sambucus nigra,Sambucus nigra L.,Viburnaceae,Species,Sambucus nigra,Sambucus nigra L.,30122169-2,Sambucus,2486519,Accepted,direct_wcvp,Sambucus nigra
335,piper cubeba,681071-1,Piper cubeba,Piper cubeba L.f.,Piperaceae,Species,Piper cubeba,Piper cubeba L.f.,681071-1,Piper,2557647,Accepted,direct_wcvp_unique,Piper cubeba
337,pueraria lobata,967441-1,Pueraria montana var. lobata,Pueraria montana var. lobata (Willd.) Maesen & S.M.Almeida ex Sanjappa & Predeep,Fabaceae,Variety,Pueraria montana,Pueraria montana (Lour.) Merr.,516708-1,Pueraria montana,2537359,Synonym,direct_wcvp_unique,Pueraria lobata
339,zingiber officinale,798372-1,Zingiber officinale,Zingiber officinale Roscoe,Zingiberaceae,Species,Zingiber officinale,Zingiber officinale Roscoe,798372-1,Zingiber,273361,Accepted,direct_wcvp_unique,Zingiber officinale
342,withania somnifera,821709-1,Withania somnifera,Withania somnifera (L.) Dunal,Solanaceae,Species,Withania somnifera,Withania somnifera (L.) Dunal,821709-1,Withania,2465599,Accepted,direct_wcvp_unique,Withania somnifera
343,ficus carica,852556-1,Ficus carica,Ficus carica L.,Moraceae,Species,Ficus carica,Ficus carica L.,852556-1,Ficus,2809827,Accepted,direct_wcvp_unique,Ficus carica
345,sida cordifolia,563600-1,Sida cordifolia,Sida cordifolia L.,Malvaceae,Species,Sida cordifolia,Sida cordifolia L.,563600-1,Sida,2595669,Accepted,direct_wcvp,Sida cordifolia
346,petroselinum crispum,60442790-2,Petroselinum crispum,Petroselinum crispum (Mill.) Fuss,Apiaceae,Species,Petroselinum crispum,Petroselinum crispum (Mill.) Fuss,60442790-2,Petroselinum,2898243,Accepted,direct_wcvp_unique,Petroselinum crispum
347,symphytum officinale,120815-1,Symphytum officinale,Symphytum officinale L.,Boraginaceae,Species,Symphytum officinale,Symphytum officinale L.,120815-1,Symphytum,2475636,Accepted,direct_wcvp_unique,Symphytum officinale
349,marrubium vulgare,449990-1,Marrubium vulgare,Marrubium vulgare L.,Lamiaceae,Species,Marrubium vulgare,Marrubium vulgare L.,449990-1,Marrubium,120952,Accepted,direct_wcvp_unique,Marrubium vulgare
350,urtica dioica,260630-2,Urtica dioica,Urtica dioica L.,Urticaceae,Species,Urtica dioica,Urtica dioica L.,260630-2,Urtica,2448560,Accepted,direct_wcvp,Urtica dioica
351,argemone mexicana l,18816-2,Argemone mexicana,Argemone mexicana L.,Papaveraceae,Species,Argemone mexicana,Argemone mexicana L.,18816-2,Argemone,2650509,Accepted,direct_wcvp_w_author_unique,Argemone mexicana L.
353,persicaria senegalensis,695151-1,Persicaria senegalensis,Persicaria senegalensis (Meisn.) Soják,Polygonaceae,Species,Persicaria senegalensis,Persicaria senegalensis (Meisn.) Soják,695151-1,Persicaria,2572336,Accepted,direct_wcvp_unique,Persicaria senegalensis
354,cnicus benedictus,190024-1,Centaurea benedicta,Centaurea benedicta (L.) L.,Asteraceae,Species,Centaurea benedicta,Centaurea benedicta (L.) L.,190024-1,Centaurea,2926257,Synonym,direct_wcvp_unique,Cnicus benedictus
355,rosmarinus officinalis,457138-1,Salvia rosmarinus,Salvia rosmarinus Spenn.,Lamiaceae,Species,Salvia rosmarinus,Salvia rosmarinus Spenn.,457138-1,Salvia,179873,Synonym,direct_wcvp_unique,Rosmarinus officinalis
356,echinacea purpurea,1174497-2,Echinacea purpurea,Echinacea purpurea (L.) Moench,Asteraceae,Species,Echinacea purpurea,Echinacea purpurea (L.) Moench,1174497-2,Echinacea,2910452,Accepted,direct_wcvp_unique,Echinacea purpurea
357,banisteriopsis caapi,29180-2,Banisteriopsis caapi,Banisteriopsis caapi (Spruce ex Griseb.) C.V.Morton,Malpighiaceae,Species,Banisteriopsis caapi,Banisteriopsis caapi (Spruce ex Griseb.) C.V.Morton,29180-2,Banisteriopsis,2668869,Accepted,direct_wcvp_unique,Banisteriopsis caapi
359,euclea natalensis,323328-1,Euclea natalensis,Euclea natalensis A.DC.,Ebenaceae,Species,Euclea natalensis,Euclea natalensis A.DC.,323328-1,Euclea,385329,Accepted,direct_wcvp_unique,Euclea natalensis
360,terminalia catappa,171034-1,Terminalia catappa,Terminalia catappa L.,Combretaceae,Species,Terminalia catappa,Terminalia catappa L.,171034-1,Terminalia,2431102,Accepted,direct_wcvp_unique,Terminalia catappa
361,dioscorea villosa,318778-1,Dioscorea villosa,Dioscorea villosa L.,Dioscoreaceae,Species,Dioscorea villosa,Dioscorea villosa L.,318778-1,Dioscorea,241123,Accepted,direct_wcvp_unique,Dioscorea villosa
366,rheum palmatum,696772-1,Rheum palmatum,Rheum palmatum L.,Polygonaceae,Species,Rheum palmatum,Rheum palmatum L.,696772-1,Rheum,2425567,Accepted,direct_wcvp_unique,Rheum palmatum
367,cecropia obtusifolia,850947-1,Cecropia obtusifolia,Cecropia obtusifolia Bertol.,Urticaceae,Species,Cecropia obtusifolia,Cecropia obtusifolia Bertol.,850947-1,Cecropia,2707088,Accepted,direct_wcvp_unique,Cecropia obtusifolia
368,primula veris,702751-1,Primula veris,Primula veris L.,Primulaceae,Species,Primula veris,Primula veris L.,702751-1,Primula,2563733,Accepted,direct_wcvp_unique,Primula veris
369,polygonum aviculare,695422-1,Polygonum aviculare,Polygonum aviculare L.,Polygonaceae,Species,Polygonum aviculare,Polygonum aviculare L.,695422-1,Polygonum,2574669,Accepted,direct_wcvp_unique,Polygonum aviculare
370,viola odorata l,868828-1,Viola odorata,Viola odorata L.,Violaceae,Species,Viola odorata,Viola odorata L.,868828-1,Viola,2459312,Accepted,direct_wcvp_w_author_unique,Viola odorata L.
371,melilotus officinalis,30429323-2,Melilotus officinalis,Melilotus officinalis (L.) Lam.,Fabaceae,Species,Melilotus officinalis,Melilotus officinalis (L.) Lam.,30429323-2,Melilotus,2367217,Accepted,direct_wcvp_unique,Melilotus officinalis
373,cinnamomum camphora,463336-1,Cinnamomum camphora,Cinnamomum camphora (L.) J.Presl,Lauraceae,Species,Cinnamomum camphora,Cinnamomum camphora (L.) J.Presl,463336-1,Cinnamomum,2721183,Accepted,direct_wcvp_unique,Cinnamomum camphora
374,humulus lupulus,303502-2,Humulus lupulus,Humulus lupulus L.,Cannabaceae,Species,Humulus lupulus,Humulus lupulus L.,303502-2,Humulus,2855039,Accepted,direct_wcvp_unique,Humulus lupulus
375,phyllanthus emblica l,353838-1,Phyllanthus emblica,Phyllanthus emblica L.,Phyllanthaceae,Species,Phyllanthus emblica,Phyllanthus emblica L.,353838-1,Phyllanthus,153790,Accepted,direct_wcvp_w_author_unique,Phyllanthus emblica L.
381,lomatium dissectum,143068-2,Lomatium dissectum,Lomatium dissectum (Nutt.) Mathias & Constance,Apiaceae,Species,Lomatium dissectum,Lomatium dissectum (Nutt.) Mathias & Constance,143068-2,Lomatium,2343818,Accepted,direct_wcvp_unique,Lomatium dissectum
382,vernonia amygdalina del,210886-1,Gymnanthemum amygdalinum,Gymnanthemum amygdalinum (Delile) Sch.Bip.,Asteraceae,Species,Gymnanthemum amygdalinum,Gymnanthemum amygdalinum (Delile) Sch.Bip.,210886-1,Gymnanthemum,3055640,Synonym,autoresolution,Vernonia amygdalina
384,ononis natrix subsp. hispanica,77250379-1,Ononis natrix subsp. hispanica,Ononis natrix subsp. hispanica (L.f.) Cout.,Fabaceae,Subspecies,Ononis natrix,Ononis natrix L.,510418-1,Ononis natrix,2873074,Accepted,direct_wcvp_unique,Ononis natrix subsp. hispanica
386,cephaelis ipecacuanha,1214950-2,Carapichea ipecacuanha,Carapichea ipecacuanha (Brot.) L.Andersson,Rubiaceae,Species,Carapichea ipecacuanha,Carapichea ipecacuanha (Brot.) L.Andersson,1214950-2,Carapichea,36461,Synonym,direct_wcvp_unique,Cephaelis ipecacuanha
387,sinapis alba,288952-1,Sinapis alba,Sinapis alba L.,Brassicaceae,Species,Sinapis alba,Sinapis alba L.,288952-1,Sinapis,2476404,Accepted,direct_wcvp_unique,Sinapis alba
388,asclepias curassavica,94213-1,Asclepias curassavica,Asclepias curassavica L.,Apocynaceae,Species,Asclepias curassavica,Asclepias curassavica L.,94213-1,Asclepias,500848,Accepted,direct_wcvp,Asclepias curassavica
389,daucus carota,841063-1,Daucus carota,Daucus carota L.,Apiaceae,Species,Daucus carota,Daucus carota L.,841063-1,Daucus,2757936,Accepted,direct_wcvp_unique,Daucus carota
391,vinca minor,82701-1,Vinca minor,Vinca minor L.,Apocynaceae,Species,Vinca minor,Vinca minor L.,82701-1,Vinca,213172,Accepted,direct_wcvp_unique,Vinca minor
392,syzygium aromaticum,601421-1,Syzygium aromaticum,Syzygium aromaticum (L.) Merr. & L.M.Perry,Myrtaceae,Species,Syzygium aromaticum,Syzygium aromaticum (L.) Merr. & L.M.Perry,601421-1,Syzygium,199236,Accepted,direct_wcvp_unique,Syzygium aromaticum
394,laurus nobilis,465049-1,Laurus nobilis,Laurus nobilis L.,Lauraceae,Species,Laurus nobilis,Laurus nobilis L.,465049-1,Laurus,2349094,Accepted,direct_wcvp_unique,Laurus nobilis
397,vitis vinifera,30478388-2,Vitis vinifera,Vitis vinifera L.,Vitaceae,Species,Vitis vinifera,Vitis vinifera L.,30478388-2,Vitis,2457006,Accepted,direct_wcvp_unique,Vitis vinifera
398,tussilago farfara,256904-1,Tussilago farfara,Tussilago farfara L.,Asteraceae,Species,Tussilago farfara,Tussilago farfara L.,256904-1,Tussilago,2901763,Accepted,direct_wcvp_unique,Tussilago farfara
400,atropa belladonna,814358-1,Atropa bella-donna,Atropa bella-donna L.,Solanaceae,Species,Atropa bella-donna,Atropa bella-donna L.,814358-1,Atropa,2665943,Accepted,knms_single,Atropa bella-donna Sp. Pl.: 181 (1753) L. 1753
402,arctium lappa,178385-1,Arctium lappa,Arctium lappa L.,Asteraceae,Species,Arctium lappa,Arctium lappa L.,178385-1,Arctium,2900828,Accepted,direct_wcvp_unique,Arctium lappa
403,anthemis nobilis,192489-1,Chamaemelum nobile,Chamaemelum nobile (L.) All.,Asteraceae,Species,Chamaemelum nobile,Chamaemelum nobile (L.) All.,192489-1,Chamaemelum,2906829,Synonym,direct_wcvp_unique,Anthemis nobilis
404,rosa multiflora,927374-1,Rosa multiflora,Rosa multiflora Thunb.,Rosaceae,Species,Rosa multiflora,Rosa multiflora Thunb.,927374-1,Rosa,2971876,Accepted,direct_wcvp,Rosa multiflora
407,scrophularia floribunda boiss. et. bal,809187-1,Scrophularia floribunda,Scrophularia floribunda Boiss. & Balansa,Scrophulariaceae,Species,Scrophularia floribunda,Scrophularia floribunda Boiss. & Balansa,809187-1,Scrophularia,2586038,Accepted,knms_single,"Scrophularia floribunda P.E.Boissier, Diagn. Pl. Orient., ser. 2, 3: 158 (1856) Boiss. & Balansa 1856"
408,desmodium styracifolium,77187440-1,Grona styracifolia,Grona styracifolia (Osbeck) H.Ohashi & K.Ohashi,Fabaceae,Species,Grona styracifolia,Grona styracifolia (Osbeck) H.Ohashi & K.Ohashi,77187440-1,Grona,2762836,Synonym,direct_wcvp_unique,Desmodium styracifolium
409,ferula assafoetida l,842190-1,Ferula assa-foetida,Ferula assa-foetida L.,Apiaceae,Species,Ferula assa-foetida,Ferula assa-foetida L.,842190-1,Ferula,2808328,Accepted,knms_single,Ferula assa-foetida Sp. Pl.: 248 (1753) L. 1753
410,tamarindus indica,520167-1,Tamarindus indica,Tamarindus indica L.,Fabaceae,Species,Tamarindus indica,Tamarindus indica L.,520167-1,Tamarindus,2444682,Accepted,direct_wcvp_unique,Tamarindus indica
411,centella asiatica,1197718-2,Centella asiatica,Centella asiatica (L.) Urb.,Apiaceae,Species,Centella asiatica,Centella asiatica (L.) Urb.,1197718-2,Centella,2708815,Accepted,direct_wcvp_unique,Centella asiatica
413,melissa officinalis,450084-1,Melissa officinalis,Melissa officinalis L.,Lamiaceae,Species,Melissa officinalis,Melissa officinalis L.,450084-1,Melissa,124103,Accepted,direct_wcvp_unique,Melissa officinalis
414,scrophularia ningpoensis hemsl,809386-1,Scrophularia ningpoensis,Scrophularia ningpoensis Hemsl.,Scrophulariaceae,Species,Scrophularia ningpoensis,Scrophularia ningpoensis Hemsl.,809386-1,Scrophularia,2587380,Accepted,direct_wcvp_w_author_unique,Scrophularia ningpoensis Hemsl.
416,coleus forskohlii,77170941-1,Coleus barbatus var. barbatus,Coleus barbatus var. barbatus,Lamiaceae,Variety,Coleus barbatus,Coleus barbatus (Andrews) Benth. ex G.Don,60454692-2,Coleus barbatus,545635,Misapplied,direct_wcvp_unique,Coleus forskohlii
417,harpagophytum procumbens,675824-1,Harpagophytum procumbens,Harpagophytum procumbens (Burch.) DC. ex Meisn.,Pedaliaceae,Species,Harpagophytum procumbens,Harpagophytum procumbens (Burch.) DC. ex Meisn.,675824-1,Harpagophytum,2839701,Accepted,direct_wcvp_unique,Harpagophytum procumbens
418,althaea officinalis,558872-1,Althaea officinalis,Althaea officinalis L.,Malvaceae,Species,Althaea officinalis,Althaea officinalis L.,558872-1,Althaea,2631597,Accepted,direct_wcvp_unique,Althaea officinalis
419,prunus spinosa l,730297-1,Prunus spinosa,Prunus spinosa L.,Rosaceae,Species,Prunus spinosa,Prunus spinosa L.,730297-1,Prunus,2921969,Accepted,direct_wcvp_w_author_unique,Prunus spinosa L.
420,ananas comosus,12322-2,Ananas comosus,Ananas comosus (L.) Merr.,Bromeliaceae,Species,Ananas comosus,Ananas comosus (L.) Merr.,12322-2,Ananas,219669,Accepted,direct_wcvp_unique,Ananas comosus
421,hamamelis virginiana,430697-1,Hamamelis virginiana,Hamamelis virginiana L.,Hamamelidaceae,Species,Hamamelis virginiana,Hamamelis virginiana L.,430697-1,Hamamelis,2838988,Accepted,direct_wcvp_unique,Hamamelis virginiana
423,coffea arabica,747038-1,Coffea arabica,Coffea arabica L.,Rubiaceae,Species,Coffea arabica,Coffea arabica L.,747038-1,Coffea,45400,Accepted,direct_wcvp_unique,Coffea arabica
426,glycine max,60450240-2,Glycine max,Glycine max (L.) Merr.,Fabaceae,Species,Glycine max,Glycine max (L.) Merr.,60450240-2,Glycine,2827366,Accepted,direct_wcvp_unique,Glycine max
427,pimpinella anisum,846658-1,Pimpinella anisum,Pimpinella anisum L.,Apiaceae,Species,Pimpinella anisum,Pimpinella anisum L.,846658-1,Pimpinella,2402426,Accepted,direct_wcvp,Pimpinella anisum
428,areca catechu,664107-1,Areca catechu,Areca catechu L.,Arecaceae,Species,Areca catechu,Areca catechu L.,664107-1,Areca,14517,Accepted,direct_wcvp_unique,Areca catechu
429,rhamnus cathartica,718256-1,Rhamnus cathartica,Rhamnus cathartica L.,Rhamnaceae,Species,Rhamnus cathartica,Rhamnus cathartica L.,718256-1,Rhamnus,2523018,Accepted,direct_wcvp_unique,Rhamnus cathartica
430,juglans nigra,279034-2,Juglans nigra,Juglans nigra L.,Juglandaceae,Species,Juglans nigra,Juglans nigra L.,279034-2,Juglans,2331834,Accepted,direct_wcvp_unique,Juglans nigra
431,taraxacum officinale,254151-1,Taraxacum sect. Taraxacum,Taraxacum sect. Taraxacum F.H.Wigg.,Asteraceae,Species,Taraxacum sect. Taraxacum,Taraxacum sect. Taraxacum F.H.Wigg.,254151-1,Taraxacum,3137644,Synonym,direct_wcvp_unique,Taraxacum officinale
432,inula helenium,225914-1,Inula helenium,Inula helenium L.,Asteraceae,Species,Inula helenium,Inula helenium L.,225914-1,Inula,2901737,Accepted,direct_wcvp,Inula helenium
433,leptospermum scoparium,597505-1,Leptospermum scoparium,Leptospermum scoparium J.R.Forst. & G.Forst.,Myrtaceae,Species,Leptospermum scoparium,Leptospermum scoparium J.R.Forst. & G.Forst.,597505-1,Leptospermum,111473,Accepted,direct_wcvp_unique,Leptospermum scoparium
434,salvia miltiorrhiza,456707-1,Salvia miltiorrhiza,Salvia miltiorrhiza Bunge,Lamiaceae,Species,Salvia miltiorrhiza,Salvia miltiorrhiza Bunge,456707-1,Salvia,183206,Accepted,direct_wcvp_unique,Salvia miltiorrhiza
439,piper nigrum,682369-1,Piper nigrum,Piper nigrum L.,Piperaceae,Species,Piper nigrum,Piper nigrum L.,682369-1,Piper,2569664,Accepted,direct_wcvp_unique,Piper nigrum
441,tagetes erecta,252092-1,Tagetes erecta,Tagetes erecta L.,Asteraceae,Species,Tagetes erecta,Tagetes erecta L.,252092-1,Tagetes,2929143,Accepted,direct_wcvp_unique,Tagetes erecta
444,sanguinaria canadensis,673993-1,Sanguinaria canadensis,Sanguinaria canadensis L.,Papaveraceae,Species,Sanguinaria canadensis,Sanguinaria canadensis L.,673993-1,Sanguinaria,2602762,Accepted,direct_wcvp_unique,Sanguinaria canadensis
445,coriandrum sativum,840760-1,Coriandrum sativum,Coriandrum sativum L.,Apiaceae,Species,Coriandrum sativum,Coriandrum sativum L.,840760-1,Coriandrum,2737546,Accepted,direct_wcvp_unique,Coriandrum sativum
446,rauvolfia serpentina,81648-1,Rauvolfia serpentina,Rauvolfia serpentina (L.) Benth. ex Kurz,Apocynaceae,Species,Rauvolfia serpentina,Rauvolfia serpentina (L.) Benth. ex Kurz,81648-1,Rauvolfia,176968,Accepted,direct_wcvp_unique,Rauvolfia serpentina
447,annona muricata,14308-2,Annona muricata,Annona muricata L.,Annonaceae,Species,Annona muricata,Annona muricata L.,14308-2,Annona,2640944,Accepted,direct_wcvp_unique,Annona muricata
450,equisetum arvense,300073-2,Equisetum arvense,Equisetum arvense L.,Equisetaceae,Species,Equisetum arvense,Equisetum arvense L.,300073-2,Equisetum,2910663,Accepted,direct_wcvp_unique,Equisetum arvense
451,ribes nigrum,792873-1,Ribes nigrum,Ribes nigrum L.,Grossulariaceae,Species,Ribes nigrum,Ribes nigrum L.,792873-1,Ribes,2426569,Accepted,direct_wcvp_unique,Ribes nigrum
452,angelica archangelica,837560-1,Angelica archangelica,Angelica archangelica L.,Apiaceae,Species,Angelica archangelica,Angelica archangelica L.,837560-1,Angelica,2638995,Accepted,direct_wcvp_unique,Angelica archangelica
453,agrimonia eupatoria,316550-2,Agrimonia eupatoria,Agrimonia eupatoria L.,Rosaceae,Species,Agrimonia eupatoria,Agrimonia eupatoria L.,316550-2,Agrimonia,2907448,Accepted,direct_wcvp_unique,Agrimonia eupatoria
455,ammi majus,837486-1,Ammi majus,Ammi majus L.,Apiaceae,Species,Ammi majus,Ammi majus L.,837486-1,Ammi,2633874,Accepted,direct_wcvp,Ammi majus
456,cola nitida,822755-1,Cola nitida,Cola nitida (Vent.) Schott & Endl.,Malvaceae,Species,Cola nitida,Cola nitida (Vent.) Schott & Endl.,822755-1,Cola,2730669,Accepted,direct_wcvp_unique,Cola nitida
458,populus tremula,302387-2,Populus tremula,Populus tremula L.,Salicaceae,Species,Populus tremula,Populus tremula L.,302387-2,Populus,2917379,Accepted,direct_wcvp_unique,Populus tremula
