,name,accepted_ipni_id,accepted_name,accepted_name_w_author,accepted_family,accepted_rank,accepted_species,accepted_species_w_author,accepted_species_ipni_id,accepted_parent,plant_name_id,taxon_status,matched_by,matched_name
0,scutellaria baicalensis,458155-1,Scutellaria baicalensis,Scutellaria baicalensis Georgi,Lamiaceae,Species,Scutellaria baicalensis,Scutellaria baicalensis Georgi,458155-1,Scutellaria,188938,Accepted,direct_wcvp_unique,Scutellaria baicalensis
1,pausinystalia yohimbe,747599-1,Corynanthe johimbe,Corynanthe johimbe K.Schum.,Rubiaceae,Species,Corynanthe johimbe,Corynanthe johimbe K.Schum.,747599-1,Corynanthe,148191,Synonym,knms_single,Pausinystalia johimbe Actes Soc. Linn. Bordeaux 61: 130 (1906) (K.Schum.) Pierre 1906
2,trifolium pratense,523575-1,Trifolium pratense,Trifolium pratense L.,Fabaceae,Species,Trifolium pratense,Trifolium pratense L.,523575-1,Trifolium,2440043,Accepted,direct_wcvp_unique,Trifolium pratense
3,brassica nigra,287192-1,Mutarda nigra,Mutarda nigra (L.) Bernh.,Brassicaceae,Species,Mutarda nigra,Mutarda nigra (L.) Bernh.,287192-1,Mutarda,2682421,Synonym,direct_wcvp_unique,Brassica nigra
4,nandina domestica thunb,107544-1,Nandina domestica,Nandina domestica Thunb.,Berberidaceae,Species,Nandina domestica,Nandina domestica Thunb.,107544-1,Nandina,2380006,Accepted,direct_wcvp_w_author_unique,Nandina domestica Thunb.
5,helianthus annuus,119003-2,Helianthus annuus,Helianthus annuus L.,Asteraceae,Species,Helianthus annuus,Helianthus annuus L.,119003-2,Helianthus,2910966,Accepted,direct_wcvp_unique,Helianthus annuus
6,origanum vulgare,453395-1,Origanum vulgare,Origanum vulgare L.,Lamiaceae,Species,Origanum vulgare,Origanum vulgare L.,453395-1,Origanum,143954,Accepted,direct_wcvp_unique,Origanum vulgare
7,phaseolus vulgaris l,514191-1,Phaseolus vulgaris,Phaseolus vulgaris L.,Fabaceae,Species,Phaseolus vulgaris,Phaseolus vulgaris L.,514191-1,Phaseolus,2538166,Accepted,direct_wcvp_w_author_unique,Phaseolus vulgaris L.
10,ficus natalensis hoechst,853264-1,Ficus natalensis,Ficus natalensis Hochst.,Moraceae,Species,Ficus natalensis,Ficus natalensis Hochst.,853264-1,Ficus,2811434,Accepted,autoresolution,Ficus natalensis
11,papaver dubium l,673488-1,Papaver dubium,Papaver dubium L.,Papaveraceae,Species,Papaver dubium,Papaver dubium L.,673488-1,Papaver,2560793,Accepted,direct_wcvp_w_author_unique,Papaver dubium L.
12,filipendula ulmaria,724943-1,Filipendula ulmaria,Filipendula ulmaria (L.) Maxim.,Rosaceae,Species,Filipendula ulmaria,Filipendula ulmaria (L.) Maxim.,724943-1,Filipendula,2921975,Accepted,direct_wcvp_unique,Filipendula ulmaria
13,sida cordifolia,563600-1,Sida cordifolia,Sida cordifolia L.,Malvaceae,Species,Sida cordifolia,Sida cordifolia L.,563600-1,Sida,2595669,Accepted,direct_wcvp,Sida cordifolia
15,juniperus communis subsp. alpina (suter) celak,50918405-1,Juniperus communis var. saxatilis,Juniperus communis var. saxatilis Pall.,Cupressaceae,Variety,Juniperus communis,Juniperus communis L.,30088655-2,Juniperus communis,385648,Synonym,openrefine_unique,Cupressaceae Juniperus communis L. subsp. alpina (Suter) Celak.
16,tussilago farfara,256904-1,Tussilago farfara,Tussilago farfara L.,Asteraceae,Species,Tussilago farfara,Tussilago farfara L.,256904-1,Tussilago,2901763,Accepted,direct_wcvp_unique,Tussilago farfara
17,frangula alnus,717344-1,Frangula alnus,Frangula alnus Mill.,Rhamnaceae,Species,Frangula alnus,Frangula alnus Mill.,717344-1,Frangula,2814031,Accepted,direct_wcvp_unique,Frangula alnus
18,ocimum basilicum l,452874-1,Ocimum basilicum,Ocimum basilicum L.,Lamiaceae,Species,Ocimum basilicum,Ocimum basilicum L.,452874-1,Ocimum,136820,Accepted,direct_wcvp_w_author_unique,Ocimum basilicum L.
19,arctostaphylos uva-ursi (l.) spreng,1024084-2,Arctostaphylos uva-ursi,Arctostaphylos uva-ursi (L.) Spreng.,Ericaceae,Species,Arctostaphylos uva-ursi,Arctostaphylos uva-ursi (L.) Spreng.,1024084-2,Arctostaphylos,2647407,Accepted,direct_wcvp_w_author_unique,Arctostaphylos uva-ursi (L.) Spreng.
20,sideritis scardica griseb,459087-1,Sideritis scardica,Sideritis scardica Griseb.,Lamiaceae,Species,Sideritis scardica,Sideritis scardica Griseb.,459087-1,Sideritis,191627,Accepted,direct_wcvp_w_author_unique,Sideritis scardica Griseb.
22,levisticum officinale,844187-1,Levisticum officinale,Levisticum officinale W.D.J.Koch,Apiaceae,Species,Levisticum officinale,Levisticum officinale W.D.J.Koch,844187-1,Levisticum,2341672,Accepted,direct_wcvp_unique,Levisticum officinale
23,perilla frutescens,190343-2,Perilla frutescens,Perilla frutescens (L.) Britton,Lamiaceae,Species,Perilla frutescens,Perilla frutescens (L.) Britton,190343-2,Perilla,150299,Accepted,direct_wcvp_unique,Perilla frutescens
25,thymus pulegioides l,461562-1,Thymus pulegioides,Thymus pulegioides L.,Lamiaceae,Species,Thymus pulegioides,Thymus pulegioides L.,461562-1,Thymus,205310,Accepted,direct_wcvp_w_author_unique,Thymus pulegioides L.
26,cytisus scoparius,489963-1,Cytisus scoparius,Cytisus scoparius (L.) Link,Fabaceae,Species,Cytisus scoparius,Cytisus scoparius (L.) Link,489963-1,Cytisus,2754907,Accepted,direct_wcvp_unique,Cytisus scoparius
27,glycyrrhiza glabra,496941-1,Glycyrrhiza glabra,Glycyrrhiza glabra L.,Fabaceae,Species,Glycyrrhiza glabra,Glycyrrhiza glabra L.,496941-1,Glycyrrhiza,2827728,Accepted,direct_wcvp_unique,Glycyrrhiza glabra
28,solidago virgaurea,249947-1,Solidago virgaurea,Solidago virgaurea L.,Asteraceae,Species,Solidago virgaurea,Solidago virgaurea L.,249947-1,Solidago,2911230,Accepted,direct_wcvp_unique,Solidago virgaurea
29,turbina corymbosa,60458008-2,Ipomoea corymbosa,Ipomoea corymbosa (L.) Roth,Convolvulaceae,Species,Ipomoea corymbosa,Ipomoea corymbosa (L.) Roth,60458008-2,Ipomoea,480030,Synonym,direct_wcvp_unique,Turbina corymbosa
30,trigonella foenum-graecum,523957-1,Trigonella foenum-graecum,Trigonella foenum-graecum L.,Fabaceae,Species,Trigonella foenum-graecum,Trigonella foenum-graecum L.,523957-1,Trigonella,2441407,Accepted,direct_wcvp_unique,Trigonella foenum-graecum
31,plantago ovata,685486-1,Plantago ovata,Plantago ovata Forssk.,Plantaginaceae,Species,Plantago ovata,Plantago ovata Forssk.,685486-1,Plantago,2569899,Accepted,direct_wcvp,Plantago ovata
32,artemisia annua,304416-2,Artemisia annua,Artemisia annua L.,Asteraceae,Species,Artemisia annua,Artemisia annua L.,304416-2,Artemisia,2901442,Accepted,direct_wcvp,Artemisia annua
33,angelica archangelica,837560-1,Angelica archangelica,Angelica archangelica L.,Apiaceae,Species,Angelica archangelica,Angelica archangelica L.,837560-1,Angelica,2638995,Accepted,direct_wcvp_unique,Angelica archangelica
34,argemone mexicana l,18816-2,Argemone mexicana,Argemone mexicana L.,Papaveraceae,Species,Argemone mexicana,Argemone mexicana L.,18816-2,Argemone,2650509,Accepted,direct_wcvp_w_author_unique,Argemone mexicana L.
35,canavalia villosa,483740-1,Canavalia villosa,Canavalia villosa Benth.,Fabaceae,Species,Canavalia villosa,Canavalia villosa Benth.,483740-1,Canavalia,2696302,Accepted,direct_wcvp_unique,Canavalia villosa
36,anthemis arvensis,177158-1,Anthemis arvensis,Anthemis arvensis L.,Asteraceae,Species,Anthemis arvensis,Anthemis arvensis L.,177158-1,Anthemis,2906677,Accepted,direct_wcvp,Anthemis arvensis
37,brassica juncea,60442520-2,Brassica juncea,Brassica juncea (L.) Czern.,Brassicaceae,Species,Brassica juncea,Brassica juncea (L.) Czern.,60442520-2,Brassica,2682298,Accepted,direct_wcvp_unique,Brassica juncea
39,stachys iva,459647-1,Stachys iva,Stachys iva Griseb.,Lamiaceae,Species,Stachys iva,Stachys iva Griseb.,459647-1,Stachys,195205,Accepted,direct_wcvp_unique,Stachys iva
40,centella asiatica,1197718-2,Centella asiatica,Centella asiatica (L.) Urb.,Apiaceae,Species,Centella asiatica,Centella asiatica (L.) Urb.,1197718-2,Centella,2708815,Accepted,direct_wcvp_unique,Centella asiatica
41,armoracia rusticana,278747-1,Armoracia rusticana,"Armoracia rusticana G.Gaertn., B.Mey. & Scherb.",Brassicaceae,Species,Armoracia rusticana,"Armoracia rusticana G.Gaertn., B.Mey. & Scherb.",278747-1,Armoracia,2652952,Accepted,direct_wcvp_unique,Armoracia rusticana
43,juglans regia,442427-1,Juglans regia,Juglans regia L.,Juglandaceae,Species,Juglans regia,Juglans regia L.,442427-1,Juglans,2331747,Accepted,direct_wcvp_unique,Juglans regia
44,hamamelis virginiana,430697-1,Hamamelis virginiana,Hamamelis virginiana L.,Hamamelidaceae,Species,Hamamelis virginiana,Hamamelis virginiana L.,430697-1,Hamamelis,2838988,Accepted,direct_wcvp_unique,Hamamelis virginiana
45,helleborus odorus subsp. cyclophyllus,711312-1,Helleborus cyclophyllus,Helleborus cyclophyllus (A.Braun) Boiss.,Ranunculaceae,Species,Helleborus cyclophyllus,Helleborus cyclophyllus (A.Braun) Boiss.,711312-1,Helleborus,2844787,Synonym,direct_wcvp_unique,Helleborus odorus subsp. cyclophyllus
46,salvia officinalis,456833-1,Salvia officinalis,Salvia officinalis L.,Lamiaceae,Species,Salvia officinalis,Salvia officinalis L.,456833-1,Salvia,183353,Accepted,direct_wcvp_unique,Salvia officinalis
49,galium trifidum,750768-1,Galium trifidum,Galium trifidum L.,Rubiaceae,Species,Galium trifidum,Galium trifidum L.,750768-1,Galium,87745,Accepted,direct_wcvp,Galium trifidum
50,ammi majus,837486-1,Ammi majus,Ammi majus L.,Apiaceae,Species,Ammi majus,Ammi majus L.,837486-1,Ammi,2633874,Accepted,direct_wcvp,Ammi majus
51,glycine max,60450240-2,Glycine max,Glycine max (L.) Merr.,Fabaceae,Species,Glycine max,Glycine max (L.) Merr.,60450240-2,Glycine,2827366,Accepted,direct_wcvp_unique,Glycine max
52,prunus spinosa l,730297-1,Prunus spinosa,Prunus spinosa L.,Rosaceae,Species,Prunus spinosa,Prunus spinosa L.,730297-1,Prunus,2921969,Accepted,direct_wcvp_w_author_unique,Prunus spinosa L.
53,capsicum annuum,316944-2,Capsicum annuum,Capsicum annuum L.,Solanaceae,Species,Capsicum annuum,Capsicum annuum L.,316944-2,Capsicum,2698415,Accepted,direct_wcvp_unique,Capsicum annuum
55,corydalis solida subsp.brachylova,77252296-1,Corydalis solida subsp. brachyloba,Corydalis solida subsp. brachyloba (Boiss.) Cullen & P.H.Davis,Papaveraceae,Subspecies,Corydalis solida,Corydalis solida (L.) Clairv.,60454743-2,Corydalis solida,3231877,Accepted,openrefine_unique,Papaveraceae Corydalis solida (L.) Clairv. subsp. brachyloba (Boiss.) Cullen & P.H.Davis
56,ajuga bracteosa,444595-1,Ajuga integrifolia,Ajuga integrifolia Buch.-Ham. ex D.Don,Lamiaceae,Species,Ajuga integrifolia,Ajuga integrifolia Buch.-Ham. ex D.Don,444595-1,Ajuga,5177,Illegitimate,direct_wcvp_unique,Ajuga bracteosa
58,cucurbita pepo,292416-1,Cucurbita pepo,Cucurbita pepo L.,Cucurbitaceae,Species,Cucurbita pepo,Cucurbita pepo L.,292416-1,Cucurbita,2747186,Accepted,direct_wcvp_unique,Cucurbita pepo
59,coptis teeta wall,710326-1,Coptis teeta,Coptis teeta Wall.,Ranunculaceae,Species,Coptis teeta,Coptis teeta Wall.,710326-1,Coptis,2736135,Accepted,direct_wcvp_w_author_unique,Coptis teeta Wall.
61,platycodon grandiflorum,144523-1,Platycodon grandiflorus,Platycodon grandiflorus (Jacq.) A.DC.,Campanulaceae,Species,Platycodon grandiflorus,Platycodon grandiflorus (Jacq.) A.DC.,144523-1,Platycodon,354641,Accepted,knms_single,Platycodon grandiflorus Monogr. Campan.: 125 (1830) (Jacq.) A.DC. 1830
62,guaiacum officinale,873252-1,Guaiacum officinale,Guaiacum officinale L.,Zygophyllaceae,Species,Guaiacum officinale,Guaiacum officinale L.,873252-1,Guaiacum,2833809,Accepted,direct_wcvp_unique,Guaiacum officinale
66,vicia faba,524737-1,Vicia faba,Vicia faba L.,Fabaceae,Species,Vicia faba,Vicia faba L.,524737-1,Vicia,2452318,Accepted,direct_wcvp_unique,Vicia faba
67,sambucus nigra,30122169-2,Sambucus nigra,Sambucus nigra L.,Viburnaceae,Species,Sambucus nigra,Sambucus nigra L.,30122169-2,Sambucus,2486519,Accepted,direct_wcvp,Sambucus nigra
68,berberis integerrima bunge,106778-1,Berberis integerrima,Berberis integerrima Bunge,Berberidaceae,Species,Berberis integerrima,Berberis integerrima Bunge,106778-1,Berberis,2673955,Accepted,direct_wcvp_w_author_unique,Berberis integerrima Bunge
69,berberis tinctoria lesch,107137-1,Berberis tinctoria,Berberis tinctoria Lesch.,Berberidaceae,Species,Berberis tinctoria,Berberis tinctoria Lesch.,107137-1,Berberis,2674529,Accepted,direct_wcvp_w_author_unique,Berberis tinctoria Lesch.
70,rubus idaeus,298089-2,Rubus idaeus,Rubus idaeus L.,Rosaceae,Species,Rubus idaeus,Rubus idaeus L.,298089-2,Rubus,2982071,Accepted,direct_wcvp_unique,Rubus idaeus
71,brassica oleracea,279435-1,Brassica oleracea,Brassica oleracea L.,Brassicaceae,Species,Brassica oleracea,Brassica oleracea L.,279435-1,Brassica,2682457,Accepted,direct_wcvp_unique,Brassica oleracea
72,sinopodophyllum hexandrum(royle) t. s. ying,327192-2,Podophyllum hexandrum,Podophyllum hexandrum Royle,Berberidaceae,Species,Podophyllum hexandrum,Podophyllum hexandrum Royle,327192-2,Podophyllum,2605548,Synonym,knms_single,Sinopodophyllum hexandrum Vasc. Pl. Hengduan Mount. 1: 558 (1993) (Royle) T.S.Ying 1993
73,cistus creticus l. subsp. eriocephalus (viv.) greuter & burdet,168515-1,Cistus tauricus,Cistus tauricus C.Presl,Cistaceae,Species,Cistus tauricus,Cistus tauricus C.Presl,168515-1,Cistus,2723345,Synonym,knms_single,Cistus creticus subsp. eriocephalus Willdenowia 11: 275 (1981) (Viv.) Greuter & Burdet 1981
74,piliostigma thonningii (schum.) milne-redh,514346-1,Piliostigma thonningii,Piliostigma thonningii (Schumach.) Milne-Redh.,Fabaceae,Species,Piliostigma thonningii,Piliostigma thonningii (Schumach.) Milne-Redh.,514346-1,Piliostigma,2539801,Accepted,knms_single,Piliostigma thonningii Hooker's Icon. Pl. 35: t. 3460 (1947) (Schumach.) Milne-Redh. 1947
75,chenopodium ambrosioides,1198060-2,Dysphania ambrosioides,Dysphania ambrosioides (L.) Mosyakin & Clemants,Amaranthaceae,Species,Dysphania ambrosioides,Dysphania ambrosioides (L.) Mosyakin & Clemants,1198060-2,Dysphania,2717029,Synonym,direct_wcvp_unique,Chenopodium ambrosioides
76,berberis aristata,106427-1,Berberis aristata,Berberis aristata DC.,Berberidaceae,Species,Berberis aristata,Berberis aristata DC.,106427-1,Berberis,2673438,Accepted,direct_wcvp_unique,Berberis aristata
77,berberis darwinii hook,273235-2,Berberis darwinii,Berberis darwinii Hook.,Berberidaceae,Species,Berberis darwinii,Berberis darwinii Hook.,273235-2,Berberis,2673673,Accepted,direct_wcvp_w_author_unique,Berberis darwinii Hook.
79,moringa oleifera,584736-1,Moringa oleifera,Moringa oleifera Lam.,Moringaceae,Species,Moringa oleifera,Moringa oleifera Lam.,584736-1,Moringa,2501705,Accepted,direct_wcvp_unique,Moringa oleifera
80,camellia sinensis,828548-1,Camellia sinensis,Camellia sinensis (L.) Kuntze,Theaceae,Species,Camellia sinensis,Camellia sinensis (L.) Kuntze,828548-1,Camellia,2694880,Accepted,direct_wcvp_unique,Camellia sinensis
81,cinnamomum verum,463752-1,Cinnamomum verum,Cinnamomum verum J.Presl,Lauraceae,Species,Cinnamomum verum,Cinnamomum verum J.Presl,463752-1,Cinnamomum,2721692,Accepted,direct_wcvp_unique,Cinnamomum verum
82,hypericum perforatum linn,433719-1,Hypericum perforatum,Hypericum perforatum L.,Hypericaceae,Species,Hypericum perforatum,Hypericum perforatum L.,433719-1,Hypericum,516286,Accepted,autoresolution,Hypericum perforatum
83,piper nigrum,682369-1,Piper nigrum,Piper nigrum L.,Piperaceae,Species,Piper nigrum,Piper nigrum L.,682369-1,Piper,2569664,Accepted,direct_wcvp_unique,Piper nigrum
84,larrea tridentata,873322-1,Larrea tridentata,Larrea tridentata (DC.) Coville,Zygophyllaceae,Species,Larrea tridentata,Larrea tridentata (DC.) Coville,873322-1,Larrea,2497190,Accepted,direct_wcvp_unique,Larrea tridentata
85,rosa multiflora,927374-1,Rosa multiflora,Rosa multiflora Thunb.,Rosaceae,Species,Rosa multiflora,Rosa multiflora Thunb.,927374-1,Rosa,2971876,Accepted,direct_wcvp,Rosa multiflora
86,urtica dioica,260630-2,Urtica dioica,Urtica dioica L.,Urticaceae,Species,Urtica dioica,Urtica dioica L.,260630-2,Urtica,2448560,Accepted,direct_wcvp,Urtica dioica
88,liatris pycnostachya,230623-1,Liatris pycnostachya,Liatris pycnostachya Michx.,Asteraceae,Species,Liatris pycnostachya,Liatris pycnostachya Michx.,230623-1,Liatris,3131133,Accepted,direct_wcvp_unique,Liatris pycnostachya
89,berberis petiolaris wall. ex g.don,106978-1,Berberis petiolaris,Berberis petiolaris Wall. ex G.Don,Berberidaceae,Species,Berberis petiolaris,Berberis petiolaris Wall. ex G.Don,106978-1,Berberis,2674269,Accepted,direct_wcvp_w_author_unique,Berberis petiolaris Wall. ex G.Don
91,cassia senna,518323-1,Senna alexandrina,Senna alexandrina Mill.,Fabaceae,Species,Senna alexandrina,Senna alexandrina Mill.,518323-1,Senna,2703961,Synonym,direct_wcvp_unique,Cassia senna
92,atropa belladonna,814358-1,Atropa bella-donna,Atropa bella-donna L.,Solanaceae,Species,Atropa bella-donna,Atropa bella-donna L.,814358-1,Atropa,2665943,Accepted,knms_single,Atropa bella-donna Sp. Pl.: 181 (1753) L. 1753
94,ginkgo biloba,262125-1,Ginkgo biloba,Ginkgo biloba L.,Ginkgoaceae,Species,Ginkgo biloba,Ginkgo biloba L.,262125-1,Ginkgo,334053,Accepted,direct_wcvp_unique,Ginkgo biloba
95,cola nitida,822755-1,Cola nitida,Cola nitida (Vent.) Schott & Endl.,Malvaceae,Species,Cola nitida,Cola nitida (Vent.) Schott & Endl.,822755-1,Cola,2730669,Accepted,direct_wcvp_unique,Cola nitida
96,olea europaea,610675-1,Olea europaea,Olea europaea L.,Oleaceae,Species,Olea europaea,Olea europaea L.,610675-1,Olea,355112,Accepted,direct_wcvp_unique,Olea europaea
97,anthyllis hermanniae l,474699-1,Anthyllis hermanniae,Anthyllis hermanniae L.,Fabaceae,Species,Anthyllis hermanniae,Anthyllis hermanniae L.,474699-1,Anthyllis,2641985,Accepted,direct_wcvp_w_author_unique,Anthyllis hermanniae L.
99,syringa vulgaris,289009-2,Syringa vulgaris,Syringa vulgaris L.,Oleaceae,Species,Syringa vulgaris,Syringa vulgaris L.,289009-2,Syringa,356495,Accepted,direct_wcvp_unique,Syringa vulgaris
100,berberis buxifolia lam,31472-2,Berberis microphylla,Berberis microphylla G.Forst.,Berberidaceae,Species,Berberis microphylla,Berberis microphylla G.Forst.,31472-2,Berberis,2673528,Synonym,direct_wcvp_w_author_unique,Berberis buxifolia Lam.
101,inula helenium,225914-1,Inula helenium,Inula helenium L.,Asteraceae,Species,Inula helenium,Inula helenium L.,225914-1,Inula,2901737,Accepted,direct_wcvp,Inula helenium
103,piper cubeba,681071-1,Piper cubeba,Piper cubeba L.f.,Piperaceae,Species,Piper cubeba,Piper cubeba L.f.,681071-1,Piper,2557647,Accepted,direct_wcvp_unique,Piper cubeba
104,lycium chinense,816389-1,Lycium chinense,Lycium chinense Mill.,Solanaceae,Species,Lycium chinense,Lycium chinense Mill.,816389-1,Lycium,2496344,Accepted,direct_wcvp_unique,Lycium chinense
105,echinacea purpurea,1174497-2,Echinacea purpurea,Echinacea purpurea (L.) Moench,Asteraceae,Species,Echinacea purpurea,Echinacea purpurea (L.) Moench,1174497-2,Echinacea,2910452,Accepted,direct_wcvp_unique,Echinacea purpurea
106,terminalia chebula retx,171037-1,Terminalia chebula,Terminalia chebula Retz.,Combretaceae,Species,Terminalia chebula,Terminalia chebula Retz.,171037-1,Terminalia,2431324,Accepted,autoresolution,Terminalia chebula
107,caulophyllum thalictroides,1056122-2,Caulophyllum thalictroides,Caulophyllum thalictroides (L.) Michx.,Berberidaceae,Species,Caulophyllum thalictroides,Caulophyllum thalictroides (L.) Michx.,1056122-2,Caulophyllum,2706078,Accepted,direct_wcvp,Caulophyllum thalictroides
108,berberis pseudumbellata r.parker,107014-1,Berberis pseudumbellata,Berberis pseudumbellata R.Parker,Berberidaceae,Species,Berberis pseudumbellata,Berberis pseudumbellata R.Parker,107014-1,Berberis,2674336,Accepted,direct_wcvp_w_author_unique,Berberis pseudumbellata R.Parker
109,berberis lycium royle,106865-1,Berberis lycium,Berberis lycium Royle,Berberidaceae,Species,Berberis lycium,Berberis lycium Royle,106865-1,Berberis,2674093,Accepted,direct_wcvp_w_author_unique,Berberis lycium Royle
110,viola odorata,868828-1,Viola odorata,Viola odorata L.,Violaceae,Species,Viola odorata,Viola odorata L.,868828-1,Viola,2459312,Accepted,direct_wcvp_unique,Viola odorata
111,pueraria lobata,967441-1,Pueraria montana var. lobata,Pueraria montana var. lobata (Willd.) Maesen & S.M.Almeida ex Sanjappa & Predeep,Fabaceae,Variety,Pueraria montana,Pueraria montana (Lour.) Merr.,516708-1,Pueraria montana,2537359,Synonym,direct_wcvp_unique,Pueraria lobata
112,linum usitatissimum,544772-1,Linum usitatissimum,Linum usitatissimum L.,Linaceae,Species,Linum usitatissimum,Linum usitatissimum L.,544772-1,Linum,2353429,Accepted,direct_wcvp_unique,Linum usitatissimum
114,tephrosia virginiana,1140591-2,Tephrosia virginiana,Tephrosia virginiana (L.) Pers.,Fabaceae,Species,Tephrosia virginiana,Tephrosia virginiana (L.) Pers.,1140591-2,Tephrosia,2443719,Accepted,direct_wcvp_unique,Tephrosia virginiana
115,matricaria pubescens (desf.) schultz,236194-1,Otoglyphis pubescens,Otoglyphis pubescens (Desf.) Pomel,Asteraceae,Species,Otoglyphis pubescens,Otoglyphis pubescens (Desf.) Pomel,236194-1,Otoglyphis,3112111,Synonym,knms_single,Matricaria pubescens Bonplandia 8: 369 (1860) Sch.Bip. 1860
116,ballota nigra,444976-1,Ballota nigra,Ballota nigra L.,Lamiaceae,Species,Ballota nigra,Ballota nigra L.,444976-1,Ballota,19633,Accepted,direct_wcvp_unique,Ballota nigra
117,cucumis sativus,292296-1,Cucumis sativus,Cucumis sativus L.,Cucurbitaceae,Species,Cucumis sativus,Cucumis sativus L.,292296-1,Cucumis,2747062,Accepted,direct_wcvp_unique,Cucumis sativus
118,lawsonia inermis,553638-1,Lawsonia inermis,Lawsonia inermis L.,Lythraceae,Species,Lawsonia inermis,Lawsonia inermis L.,553638-1,Lawsonia,2353863,Accepted,direct_wcvp_unique,Lawsonia inermis
119,verbascum thapsus,770183-1,Verbascum thapsus,Verbascum thapsus L.,Scrophulariaceae,Species,Verbascum thapsus,Verbascum thapsus L.,770183-1,Verbascum,2453334,Accepted,direct_wcvp_unique,Verbascum thapsus
120,mahonia fortunei (lindl. )fedde,106663-1,Berberis fortunei,Berberis fortunei Lindl.,Berberidaceae,Species,Berberis fortunei,Berberis fortunei Lindl.,106663-1,Berberis,2358498,Synonym,knms_single,Mahonia fortunei Bot. Jahrb. Syst. 31: 130 (1901) (Lindl.) Fedde 1901
121,gaultheria procumbens,330655-1,Gaultheria procumbens,Gaultheria procumbens L.,Ericaceae,Species,Gaultheria procumbens,Gaultheria procumbens L.,330655-1,Gaultheria,2817983,Accepted,direct_wcvp_unique,Gaultheria procumbens
122,rheum palmatum,696772-1,Rheum palmatum,Rheum palmatum L.,Polygonaceae,Species,Rheum palmatum,Rheum palmatum L.,696772-1,Rheum,2425567,Accepted,direct_wcvp_unique,Rheum palmatum
124,daucus carota,841063-1,Daucus carota,Daucus carota L.,Apiaceae,Species,Daucus carota,Daucus carota L.,841063-1,Daucus,2757936,Accepted,direct_wcvp_unique,Daucus carota
125,lonicera japonica,148850-1,Lonicera japonica,Lonicera japonica Thunb.,Caprifoliaceae,Species,Lonicera japonica,Lonicera japonica Thunb.,148850-1,Lonicera,2339716,Accepted,direct_wcvp,Lonicera japonica
127,onosma echioides,119634-1,Onosma echioides,Onosma echioides (L.) L.,Boraginaceae,Species,Onosma echioides,Onosma echioides (L.) L.,119634-1,Onosma,2392934,Accepted,direct_wcvp,Onosma echioides
128,aesculus hippocastanum,781594-1,Aesculus hippocastanum,Aesculus hippocastanum L.,Sapindaceae,Species,Aesculus hippocastanum,Aesculus hippocastanum L.,781594-1,Aesculus,2624517,Accepted,direct_wcvp_unique,Aesculus hippocastanum
129,aspalathus linearis,475647-1,Aspalathus linearis,Aspalathus linearis (Burm.f.) R.Dahlgren,Fabaceae,Species,Aspalathus linearis,Aspalathus linearis (Burm.f.) R.Dahlgren,475647-1,Aspalathus,2655801,Accepted,direct_wcvp_unique,Aspalathus linearis
130,syringa reticulata (blume)h. hara,611156-1,Syringa reticulata,Syringa reticulata (Blume) H.Hara,Oleaceae,Species,Syringa reticulata,Syringa reticulata (Blume) H.Hara,611156-1,Syringa,356262,Accepted,knms_single,Syringa reticulata J. Jap. Bot. 17: 21 (1941) (Blume) H.Hara 1941
131,plectranthus amboinicus,445902-1,Coleus amboinicus,Coleus amboinicus Lour.,Lamiaceae,Species,Coleus amboinicus,Coleus amboinicus Lour.,445902-1,Coleus,157885,Synonym,direct_wcvp_unique,Plectranthus amboinicus
132,mentha piperita,450969-1,Mentha × piperita,Mentha × piperita L.,Lamiaceae,Species,Mentha × piperita,Mentha × piperita L.,450969-1,Mentha,125188,Accepted,knms_single,Mentha × piperita Sp. Pl.: 576 (1753) L. 1753
133,sapindus saponaria,30035906-2,Sapindus saponaria,Sapindus saponaria L.,Sapindaceae,Species,Sapindus saponaria,Sapindus saponaria L.,30035906-2,Sapindus,2582258,Accepted,direct_wcvp,Sapindus saponaria
134,sida rhombifolia,235798-2,Sida rhombifolia,Sida rhombifolia L.,Malvaceae,Species,Sida rhombifolia,Sida rhombifolia L.,235798-2,Sida,2601837,Accepted,direct_wcvp_unique,Sida rhombifolia
135,ficus religiosa,853563-1,Ficus religiosa,Ficus religiosa L.,Moraceae,Species,Ficus religiosa,Ficus religiosa L.,853563-1,Ficus,2812027,Accepted,direct_wcvp,Ficus religiosa
136,lithospermum pilosum,118205-1,Lithospermum ruderale,Lithospermum ruderale Douglas ex Lehm.,Boraginaceae,Species,Lithospermum ruderale,Lithospermum ruderale Douglas ex Lehm.,118205-1,Lithospermum,2343493,Synonym,direct_wcvp,Lithospermum pilosum
137,portulaca oleracea,323270-2,Portulaca oleracea,Portulaca oleracea L.,Portulacaceae,Species,Portulaca oleracea,Portulaca oleracea L.,323270-2,Portulaca,2566490,Accepted,direct_wcvp_unique,Portulaca oleracea
143,annona muricata,14308-2,Annona muricata,Annona muricata L.,Annonaceae,Species,Annona muricata,Annona muricata L.,14308-2,Annona,2640944,Accepted,direct_wcvp_unique,Annona muricata
144,eleutherrococcus senticosus,90431-1,Eleutherococcus senticosus,Eleutherococcus senticosus (Rupr. & Maxim.) Maxim.,Araliaceae,Species,Eleutherococcus senticosus,Eleutherococcus senticosus (Rupr. & Maxim.) Maxim.,90431-1,Eleutherococcus,66477,Accepted,knms_single,Eleutherococcus senticosus Mém. Acad. Imp. Sci. St.-Pétersbourg Divers Savans 9: 132 (1859) (Rupr. & Maxim.) Maxim. 1859
145,pinus virginiana,263413-1,Pinus virginiana,Pinus virginiana Mill.,Pinaceae,Species,Pinus virginiana,Pinus virginiana Mill.,263413-1,Pinus,380091,Accepted,direct_wcvp_unique,Pinus virginiana
146,capparis orientalis veill,77249506-1,Capparis spinosa subsp. rupestris,Capparis spinosa subsp. rupestris (Sm.) Nyman,Capparaceae,Subspecies,Capparis spinosa,Capparis spinosa L.,146789-1,Capparis spinosa,2697418,Synonym,direct_wcvp_w_author_unique,Capparis orientalis Veill.
147,eleusine coracana,399945-1,Eleusine coracana,Eleusine coracana (L.) Gaertn.,Poaceae,Species,Eleusine coracana,Eleusine coracana (L.) Gaertn.,399945-1,Eleusine,410607,Accepted,direct_wcvp_unique,Eleusine coracana
148,terminalia catappa,171034-1,Terminalia catappa,Terminalia catappa L.,Combretaceae,Species,Terminalia catappa,Terminalia catappa L.,171034-1,Terminalia,2431102,Accepted,direct_wcvp_unique,Terminalia catappa
149,acacia karoo,77087189-1,Vachellia karroo,Vachellia karroo (Hayne) Banfi & Galasso,Fabaceae,Species,Vachellia karroo,Vachellia karroo (Hayne) Banfi & Galasso,77087189-1,Vachellia,2612641,Synonym,knms_single,Acacia karroo Getreue Darstell. Gew. 10: t. 33 (1827) Hayne 1827
151,ocimum gratissimum,452969-1,Ocimum gratissimum,Ocimum gratissimum L.,Lamiaceae,Species,Ocimum gratissimum,Ocimum gratissimum L.,452969-1,Ocimum,136923,Accepted,direct_wcvp,Ocimum gratissimum
152,persea americana,325643-2,Persea americana,Persea americana Mill.,Lauraceae,Species,Persea americana,Persea americana Mill.,325643-2,Persea,2529835,Accepted,direct_wcvp_unique,Persea americana
154,rauvolfia serpentina,81648-1,Rauvolfia serpentina,Rauvolfia serpentina (L.) Benth. ex Kurz,Apocynaceae,Species,Rauvolfia serpentina,Rauvolfia serpentina (L.) Benth. ex Kurz,81648-1,Rauvolfia,176968,Accepted,direct_wcvp_unique,Rauvolfia serpentina
155,senecio candicans dc,244324-1,Senecio candicans,Senecio candicans Wall. ex DC.,Asteraceae,Species,Senecio candicans,Senecio candicans Wall. ex DC.,244324-1,Senecio,3080451,Accepted,knms_single,Senecio candicans Contr. Bot. India: 22 (1834) Wall. ex DC. 1834
156,ruta graveolens,775099-1,Ruta graveolens,Ruta graveolens L.,Rutaceae,Species,Ruta graveolens,Ruta graveolens L.,775099-1,Ruta,2527408,Accepted,direct_wcvp_unique,Ruta graveolens
159,berberis libanotica ehrenb. exc. k. schneid,60450141-2,Berberis libanotica,Berberis libanotica Ehrenb. ex C.K.Schneid.,Berberidaceae,Species,Berberis libanotica,Berberis libanotica Ehrenb. ex C.K.Schneid.,60450141-2,Berberis,2674059,Accepted,knms_single,Berberis libanotica Ill. Handb. Laubholzk. 1: 310 (1905) Ehrenb. ex C.K.Schneid. 1905
160,citrus bergamotia,60454758-2,Citrus × limon,Citrus × limon (L.) Osbeck,Rutaceae,Species,Citrus × limon,Citrus × limon (L.) Osbeck,60454758-2,Citrus,2724035,Synonym,openrefine_unique,Rutaceae Citrus bergamota Raf.
161,pimpinella anisum,846658-1,Pimpinella anisum,Pimpinella anisum L.,Apiaceae,Species,Pimpinella anisum,Pimpinella anisum L.,846658-1,Pimpinella,2402426,Accepted,direct_wcvp,Pimpinella anisum
162,musa x paradisiaca,797595-1,Musa × paradisiaca,Musa × paradisiaca L.,Musaceae,Species,Musa × paradisiaca,Musa × paradisiaca L.,797595-1,Musa,254888,Accepted,knms_single,Musa × paradisiaca Sp. Pl.: 1043 (1753) L. 1753
164,tanacetum parthenium,252460-1,Tanacetum parthenium,Tanacetum parthenium (L.) Sch.Bip.,Asteraceae,Species,Tanacetum parthenium,Tanacetum parthenium (L.) Sch.Bip.,252460-1,Tanacetum,2916972,Accepted,direct_wcvp_unique,Tanacetum parthenium
165,arctium lappa,178385-1,Arctium lappa,Arctium lappa L.,Asteraceae,Species,Arctium lappa,Arctium lappa L.,178385-1,Arctium,2900828,Accepted,direct_wcvp_unique,Arctium lappa
166,argemone platyceras l,671713-1,Argemone platyceras,Argemone platyceras Link & Otto,Papaveraceae,Species,Argemone platyceras,Argemone platyceras Link & Otto,671713-1,Argemone,2650548,Accepted,knms_single,Argemone platyceras Icon. Pl. Rar. 1: 58 (1829) Link & Otto 1829
167,nasturtium officinale,287534-1,Nasturtium officinale,Nasturtium officinale W.T.Aiton,Brassicaceae,Species,Nasturtium officinale,Nasturtium officinale W.T.Aiton,287534-1,Nasturtium,2381026,Accepted,direct_wcvp_unique,Nasturtium officinale
168,ammi visnaga,849956-1,Visnaga daucoides,Visnaga daucoides Gaertn.,Apiaceae,Species,Visnaga daucoides,Visnaga daucoides Gaertn.,849956-1,Visnaga,2633893,Synonym,direct_wcvp_unique,Ammi visnaga
169,salvia fruticosa mill,456249-1,Salvia fruticosa,Salvia fruticosa Mill.,Lamiaceae,Species,Salvia fruticosa,Salvia fruticosa Mill.,456249-1,Salvia,182683,Accepted,direct_wcvp_w_author_unique,Salvia fruticosa Mill.
170,ananas comosus,12322-2,Ananas comosus,Ananas comosus (L.) Merr.,Bromeliaceae,Species,Ananas comosus,Ananas comosus (L.) Merr.,12322-2,Ananas,219669,Accepted,direct_wcvp_unique,Ananas comosus
171,melissa officinalis,450084-1,Melissa officinalis,Melissa officinalis L.,Lamiaceae,Species,Melissa officinalis,Melissa officinalis L.,450084-1,Melissa,124103,Accepted,direct_wcvp_unique,Melissa officinalis
173,centaurea depressa bieb,190353-1,Centaurea depressa,Centaurea depressa M.Bieb.,Asteraceae,Species,Centaurea depressa,Centaurea depressa M.Bieb.,190353-1,Centaurea,3048519,Accepted,autoresolution,Centaurea depressa
174,alopecurus myosuroides huds,387143-1,Alopecurus myosuroides,Alopecurus myosuroides Huds.,Poaceae,Species,Alopecurus myosuroides,Alopecurus myosuroides Huds.,387143-1,Alopecurus,391472,Accepted,direct_wcvp_w_author_unique,Alopecurus myosuroides Huds.
175,scrophularia variegata,60461553-2,Scrophularia variegata,Scrophularia variegata M.Bieb.,Scrophulariaceae,Species,Scrophularia variegata,Scrophularia variegata M.Bieb.,60461553-2,Scrophularia,3001125,Accepted,direct_wcvp,Scrophularia variegata
176,zizyphus lotus l,719341-1,Ziziphus lotus,Ziziphus lotus (L.) Lam.,Rhamnaceae,Species,Ziziphus lotus,Ziziphus lotus (L.) Lam.,719341-1,Ziziphus,2470687,Accepted,knms_single,Ziziphus lotus Encycl. 3: 317 (1789) (L.) Lam. 1789
178,cephaelis ipecacuanha,1214950-2,Carapichea ipecacuanha,Carapichea ipecacuanha (Brot.) L.Andersson,Rubiaceae,Species,Carapichea ipecacuanha,Carapichea ipecacuanha (Brot.) L.Andersson,1214950-2,Carapichea,36461,Synonym,direct_wcvp_unique,Cephaelis ipecacuanha
181,saponaria officinalis,156627-1,Saponaria officinalis,Saponaria officinalis L.,Caryophyllaceae,Species,Saponaria officinalis,Saponaria officinalis L.,156627-1,Saponaria,2484914,Accepted,direct_wcvp_unique,Saponaria officinalis
182,harpagophytum procumbens,675824-1,Harpagophytum procumbens,Harpagophytum procumbens (Burch.) DC. ex Meisn.,Pedaliaceae,Species,Harpagophytum procumbens,Harpagophytum procumbens (Burch.) DC. ex Meisn.,675824-1,Harpagophytum,2839701,Accepted,direct_wcvp_unique,Harpagophytum procumbens
183,xylopia polycarpa (dc.) oliv,77116323-1,Annickia polycarpa,Annickia polycarpa (DC.) Setten & Maas ex I.M.Turner,Annonaceae,Species,Annickia polycarpa,Annickia polycarpa (DC.) Setten & Maas ex I.M.Turner,77116323-1,Annickia,2467908,Synonym,direct_wcvp_w_author_unique,Xylopia polycarpa (DC.) Oliv.
184,oenothera biennis,172755-2,Oenothera biennis,Oenothera biennis L.,Onagraceae,Species,Oenothera biennis,Oenothera biennis L.,172755-2,Oenothera,2399189,Accepted,direct_wcvp_unique,Oenothera biennis
186,berberis koreana palib,106819-1,Berberis koreana,Berberis koreana Palib.,Berberidaceae,Species,Berberis koreana,Berberis koreana Palib.,106819-1,Berberis,2674019,Accepted,direct_wcvp_w_author_unique,Berberis koreana Palib.
187,coptis japonica (thunb. )makino,710316-1,Coptis japonica,Coptis japonica (Thunb.) Makino,Ranunculaceae,Species,Coptis japonica,Coptis japonica (Thunb.) Makino,710316-1,Coptis,2736112,Accepted,knms_single,Coptis japonica Bot. Mag. (Tokyo) 13: 198 (1899) (Thunb.) Makino 1899
188,lycopersicon esculentum,316947-2,Solanum lycopersicum,Solanum lycopersicum L.,Solanaceae,Species,Solanum lycopersicum,Solanum lycopersicum L.,316947-2,Solanum,2496100,Synonym,direct_wcvp_unique,Lycopersicon esculentum
189,mahonia repens,31531-2,Berberis repens,Berberis repens Lindl.,Berberidaceae,Species,Berberis repens,Berberis repens Lindl.,31531-2,Berberis,2359304,Synonym,direct_wcvp_unique,Mahonia repens
191,impatiens capensis,30008241-2,Impatiens capensis,Impatiens capensis Meerb.,Balsaminaceae,Species,Impatiens capensis,Impatiens capensis Meerb.,30008241-2,Impatiens,2862264,Accepted,direct_wcvp,Impatiens capensis
192,prunus serotina,730262-1,Prunus serotina,Prunus serotina Ehrh.,Rosaceae,Species,Prunus serotina,Prunus serotina Ehrh.,730262-1,Prunus,2915966,Accepted,direct_wcvp,Prunus serotina
193,elettaria cadamomum,796556-1,Elettaria cardamomum,Elettaria cardamomum (L.) Maton,Zingiberaceae,Species,Elettaria cardamomum,Elettaria cardamomum (L.) Maton,796556-1,Elettaria,243056,Accepted,openrefine_unique,Zingiberaceae Elettaria cardamomum (L.) Maton
194,angelica sinensis,77065778-1,Angelica sinensis,Angelica sinensis (Oliv.) Diels,Apiaceae,Species,Angelica sinensis,Angelica sinensis (Oliv.) Diels,77065778-1,Angelica,2639272,Accepted,direct_wcvp_unique,Angelica sinensis
195,panax ginseng,91472-1,Panax ginseng,Panax ginseng C.A.Mey.,Araliaceae,Species,Panax ginseng,Panax ginseng C.A.Mey.,91472-1,Panax,146697,Accepted,direct_wcvp_unique,Panax ginseng
196,sesamum indicum,675971-1,Sesamum indicum,Sesamum indicum L.,Pedaliaceae,Species,Sesamum indicum,Sesamum indicum L.,675971-1,Sesamum,2588550,Accepted,direct_wcvp_unique,Sesamum indicum
197,foeniculum vulgare,842680-1,Foeniculum vulgare,Foeniculum vulgare Mill.,Apiaceae,Species,Foeniculum vulgare,Foeniculum vulgare Mill.,842680-1,Foeniculum,2813604,Accepted,direct_wcvp_unique,Foeniculum vulgare
201,cirsium undulatum,196156-1,Cirsium undulatum,Cirsium undulatum Spreng.,Asteraceae,Species,Cirsium undulatum,Cirsium undulatum Spreng.,196156-1,Cirsium,3042691,Accepted,direct_wcvp_unique,Cirsium undulatum
202,allium cepa,527795-1,Allium cepa,Allium cepa L.,Amaryllidaceae,Species,Allium cepa,Allium cepa L.,527795-1,Allium,295261,Accepted,direct_wcvp_unique,Allium cepa
203,combretum collinum fresen,170004-1,Combretum collinum,Combretum collinum Fresen.,Combretaceae,Species,Combretum collinum,Combretum collinum Fresen.,170004-1,Combretum,2732500,Accepted,direct_wcvp_w_author_unique,Combretum collinum Fresen.
206,astragalus nitidus,77223683-1,Astragalus laxmannii subsp. laxmannii,Astragalus laxmannii subsp. laxmannii,Fabaceae,Subspecies,Astragalus laxmannii,Astragalus laxmannii Jacq.,25081-2,Astragalus laxmannii,2661459,Synonym,direct_wcvp_unique,Astragalus nitidus
207,achillea moschata wulfen,876363-1,Achillea erba-rotta subsp. moschata,Achillea erba-rotta subsp. moschata (Wulfen) Vacc.,Asteraceae,Subspecies,Achillea erba-rotta,Achillea erba-rotta All.,50869252-1,Achillea erba-rotta,3109908,Synonym,direct_wcvp_w_author_unique,Achillea moschata Wulfen
208,vernonia amygdalina del,210886-1,Gymnanthemum amygdalinum,Gymnanthemum amygdalinum (Delile) Sch.Bip.,Asteraceae,Species,Gymnanthemum amygdalinum,Gymnanthemum amygdalinum (Delile) Sch.Bip.,210886-1,Gymnanthemum,3055640,Synonym,autoresolution,Vernonia amygdalina
209,geranium maculatum,322491-2,Geranium maculatum,Geranium maculatum L.,Geraniaceae,Species,Geranium maculatum,Geranium maculatum L.,322491-2,Geranium,2823548,Accepted,direct_wcvp,Geranium maculatum
210,papaver hybridum l,,Roemeria sicula,"Roemeria sicula (Guss.) Galasso, Banfi, L.Sáez & Bartolucci",Papaveraceae,Species,Roemeria sicula,"Roemeria sicula (Guss.) Galasso, Banfi, L.Sáez & Bartolucci",,Roemeria,2560734,Synonym,direct_wcvp_w_author_unique,Papaver hybridum L.
211,maranta arundinacea,280408-2,Maranta arundinacea,Maranta arundinacea L.,Marantaceae,Species,Maranta arundinacea,Maranta arundinacea L.,280408-2,Maranta,253261,Accepted,direct_wcvp,Maranta arundinacea
212,desmodium styracifolium,77187440-1,Grona styracifolia,Grona styracifolia (Osbeck) H.Ohashi & K.Ohashi,Fabaceae,Species,Grona styracifolia,Grona styracifolia (Osbeck) H.Ohashi & K.Ohashi,77187440-1,Grona,2762836,Synonym,direct_wcvp_unique,Desmodium styracifolium
213,anemopsis californica,677262-1,Anemopsis californica,Anemopsis californica (Nutt.) Hook. & Arn.,Saururaceae,Species,Anemopsis californica,Anemopsis californica (Nutt.) Hook. & Arn.,677262-1,Anemopsis,382201,Accepted,direct_wcvp_unique,Anemopsis californica
214,nigella sativa l,711687-1,Nigella sativa,Nigella sativa L.,Ranunculaceae,Species,Nigella sativa,Nigella sativa L.,711687-1,Nigella,2381679,Accepted,direct_wcvp_w_author_unique,Nigella sativa L.
215,pulsatilla patens,30094592-2,Pulsatilla patens,Pulsatilla patens (L.) Mill.,Ranunculaceae,Species,Pulsatilla patens,Pulsatilla patens (L.) Mill.,30094592-2,Pulsatilla,2544200,Accepted,direct_wcvp_unique,Pulsatilla patens
217,ostrya virginiana,295672-1,Ostrya virginiana,Ostrya virginiana (Mill.) K.Koch,Betulaceae,Species,Ostrya virginiana,Ostrya virginiana (Mill.) K.Koch,295672-1,Ostrya,144637,Accepted,direct_wcvp_unique,Ostrya virginiana
219,digitalis purpurea,802077-1,Digitalis purpurea,Digitalis purpurea L.,Plantaginaceae,Species,Digitalis purpurea,Digitalis purpurea L.,802077-1,Digitalis,2768087,Accepted,direct_wcvp_unique,Digitalis purpurea
222,picea abies,262609-1,Picea abies,Picea abies (L.) H.Karst.,Pinaceae,Species,Picea abies,Picea abies (L.) H.Karst.,262609-1,Picea,380406,Accepted,direct_wcvp_unique,Picea abies
225,origanum onites,453331-1,Origanum onites,Origanum onites L.,Lamiaceae,Species,Origanum onites,Origanum onites L.,453331-1,Origanum,143884,Accepted,direct_wcvp_unique,Origanum onites
227,hydnocarpus wightiana,365635-1,Hydnocarpus pentandrus,Hydnocarpus pentandrus (Buch.-Ham.) Oken,Achariaceae,Species,Hydnocarpus pentandrus,Hydnocarpus pentandrus (Buch.-Ham.) Oken,365635-1,Hydnocarpus,2912431,Synonym,knms_single,Hydnocarpus wightianus Rumphia 4: 22 (1849) Blume 1849
230,symphytum officinale,120815-1,Symphytum officinale,Symphytum officinale L.,Boraginaceae,Species,Symphytum officinale,Symphytum officinale L.,120815-1,Symphytum,2475636,Accepted,direct_wcvp_unique,Symphytum officinale
231,vaccinium macrocarpon,261912-2,Vaccinium macrocarpon,Vaccinium macrocarpon Aiton,Ericaceae,Species,Vaccinium macrocarpon,Vaccinium macrocarpon Aiton,261912-2,Vaccinium,2457729,Accepted,direct_wcvp_unique,Vaccinium macrocarpon
232,berberis asiatica,106433-1,Berberis asiatica,Berberis asiatica Roxb. ex DC.,Berberidaceae,Species,Berberis asiatica,Berberis asiatica Roxb. ex DC.,106433-1,Berberis,2673446,Accepted,direct_wcvp,Berberis asiatica
233,bertholettia excelsus,591270-1,Bertholletia excelsa,Bertholletia excelsa Bonpl.,Lecythidaceae,Species,Bertholletia excelsa,Bertholletia excelsa Bonpl.,591270-1,Bertholletia,313577,Accepted,knms_single,"Bertholletia excelsa F.W.H.A.von Humboldt & A.J.A.Bonpland, Pl. Aequinoct. 1: 122 (1808) Bonpl. 1808"
234,eryngium cymosum f. delaroche,841746-1,Eryngium cymosum,Eryngium cymosum F.Delaroche,Apiaceae,Species,Eryngium cymosum,Eryngium cymosum F.Delaroche,841746-1,Eryngium,2799215,Accepted,autoresolution,Eryngium cymosum
235,withania somnifera,821709-1,Withania somnifera,Withania somnifera (L.) Dunal,Solanaceae,Species,Withania somnifera,Withania somnifera (L.) Dunal,821709-1,Withania,2465599,Accepted,direct_wcvp_unique,Withania somnifera
237,salvia miltiorrhiza,456707-1,Salvia miltiorrhiza,Salvia miltiorrhiza Bunge,Lamiaceae,Species,Salvia miltiorrhiza,Salvia miltiorrhiza Bunge,456707-1,Salvia,183206,Accepted,direct_wcvp_unique,Salvia miltiorrhiza
238,dioscorea villosa,318778-1,Dioscorea villosa,Dioscorea villosa L.,Dioscoreaceae,Species,Dioscorea villosa,Dioscorea villosa L.,318778-1,Dioscorea,241123,Accepted,direct_wcvp_unique,Dioscorea villosa
239,paullinia cupana,784110-1,Paullinia cupana,Paullinia cupana Kunth,Sapindaceae,Species,Paullinia cupana,Paullinia cupana Kunth,784110-1,Paullinia,2543056,Accepted,direct_wcvp_unique,Paullinia cupana
240,mentha arvensis,30026217-2,Mentha arvensis,Mentha arvensis L.,Lamiaceae,Species,Mentha arvensis,Mentha arvensis L.,30026217-2,Mentha,124385,Accepted,direct_wcvp_unique,Mentha arvensis
241,juglans nigra,279034-2,Juglans nigra,Juglans nigra L.,Juglandaceae,Species,Juglans nigra,Juglans nigra L.,279034-2,Juglans,2331834,Accepted,direct_wcvp_unique,Juglans nigra
242,sideritis cypria post,458875-1,Sideritis cypria,Sideritis cypria Post,Lamiaceae,Species,Sideritis cypria,Sideritis cypria Post,458875-1,Sideritis,191191,Accepted,direct_wcvp_w_author_unique,Sideritis cypria Post
243,cnicus benedictus,190024-1,Centaurea benedicta,Centaurea benedicta (L.) L.,Asteraceae,Species,Centaurea benedicta,Centaurea benedicta (L.) L.,190024-1,Centaurea,2926257,Synonym,direct_wcvp_unique,Cnicus benedictus
245,malus domestica,726282-1,Malus domestica,Malus domestica (Suckow) Borkh.,Rosaceae,Species,Malus domestica,Malus domestica (Suckow) Borkh.,726282-1,Malus,2950597,Accepted,direct_wcvp_unique,Malus domestica
248,melilotus officinalis,30429323-2,Melilotus officinalis,Melilotus officinalis (L.) Lam.,Fabaceae,Species,Melilotus officinalis,Melilotus officinalis (L.) Lam.,30429323-2,Melilotus,2367217,Accepted,direct_wcvp_unique,Melilotus officinalis
249,cinnamomum camphora,463336-1,Cinnamomum camphora,Cinnamomum camphora (L.) J.Presl,Lauraceae,Species,Cinnamomum camphora,Cinnamomum camphora (L.) J.Presl,463336-1,Cinnamomum,2721183,Accepted,direct_wcvp_unique,Cinnamomum camphora
250,medicago sativa,30234961-2,Medicago sativa,Medicago sativa L.,Fabaceae,Species,Medicago sativa,Medicago sativa L.,30234961-2,Medicago,2369031,Accepted,direct_wcvp_unique,Medicago sativa
251,berberis umbellata wall. ex g.don,107163-1,Berberis umbellata,Berberis umbellata Wall. ex G.Don,Berberidaceae,Species,Berberis umbellata,Berberis umbellata Wall. ex G.Don,107163-1,Berberis,2674567,Accepted,direct_wcvp_w_author_unique,Berberis umbellata Wall. ex G.Don
252,mahonia napaulensis dc,60461528-2,Berberis napaulensis,Berberis napaulensis (DC.) Spreng.,Berberidaceae,Species,Berberis napaulensis,Berberis napaulensis (DC.) Spreng.,60461528-2,Berberis,2359291,Synonym,direct_wcvp_w_author_unique,Mahonia napaulensis DC.
255,cephalanthus occidentalis,319140-2,Cephalanthus occidentalis,Cephalanthus occidentalis L.,Rubiaceae,Species,Cephalanthus occidentalis,Cephalanthus occidentalis L.,319140-2,Cephalanthus,36721,Accepted,direct_wcvp,Cephalanthus occidentalis
256,jeffersonia diphylla (l.) pers,1187336-2,Jeffersonia diphylla,Jeffersonia diphylla (L.) Pers.,Berberidaceae,Species,Jeffersonia diphylla,Jeffersonia diphylla (L.) Pers.,1187336-2,Jeffersonia,2332915,Accepted,direct_wcvp_w_author_unique,Jeffersonia diphylla (L.) Pers.
258,matricaria recutita,154715-2,Matricaria chamomilla,Matricaria chamomilla L.,Asteraceae,Species,Matricaria chamomilla,Matricaria chamomilla L.,154715-2,Matricaria,2906537,Synonym,direct_wcvp_unique,Matricaria recutita
261,chelidonium majus l,303589-2,Chelidonium majus,Chelidonium majus L.,Papaveraceae,Species,Chelidonium majus,Chelidonium majus L.,303589-2,Chelidonium,2716702,Accepted,direct_wcvp_w_author_unique,Chelidonium majus L.
262,stahlianthus thorelii gagnep,77147302-1,Curcuma clovisii,Curcuma clovisii Škorničk.,Zingiberaceae,Species,Curcuma clovisii,Curcuma clovisii Škorničk.,77147302-1,Curcuma,266743,Synonym,direct_wcvp_w_author_unique,Stahlianthus thorelii Gagnep.
263,prunus persica,1212858-2,Prunus persica,Prunus persica (L.) Batsch,Rosaceae,Species,Prunus persica,Prunus persica (L.) Batsch,1212858-2,Prunus,2901279,Accepted,direct_wcvp_unique,Prunus persica
264,tanacetum vulgare,252568-1,Tanacetum vulgare,Tanacetum vulgare L.,Asteraceae,Species,Tanacetum vulgare,Tanacetum vulgare L.,252568-1,Tanacetum,2929189,Accepted,direct_wcvp_unique,Tanacetum vulgare
265,centaurea cyanus,190310-1,Centaurea cyanus,Centaurea cyanus L.,Asteraceae,Species,Centaurea cyanus,Centaurea cyanus L.,190310-1,Centaurea,2926089,Accepted,direct_wcvp_unique,Centaurea cyanus
266,curcuma longa,796451-1,Curcuma longa,Curcuma longa L.,Zingiberaceae,Species,Curcuma longa,Curcuma longa L.,796451-1,Curcuma,235249,Accepted,direct_wcvp_unique,Curcuma longa
267,triticum aestivum l,332110-2,Triticum aestivum,Triticum aestivum L.,Poaceae,Species,Triticum aestivum,Triticum aestivum L.,332110-2,Triticum,448365,Accepted,direct_wcvp_w_author_unique,Triticum aestivum L.
269,laurus nobilis,465049-1,Laurus nobilis,Laurus nobilis L.,Lauraceae,Species,Laurus nobilis,Laurus nobilis L.,465049-1,Laurus,2349094,Accepted,direct_wcvp_unique,Laurus nobilis
271,thymus serpyllum,30066276-2,Thymus serpyllum,Thymus serpyllum L.,Lamiaceae,Species,Thymus serpyllum,Thymus serpyllum L.,30066276-2,Thymus,205442,Accepted,direct_wcvp_unique,Thymus serpyllum
272,pimpinella major,846901-1,Pimpinella major,Pimpinella major (L.) Huds.,Apiaceae,Species,Pimpinella major,Pimpinella major (L.) Huds.,846901-1,Pimpinella,2403195,Accepted,direct_wcvp_unique,Pimpinella major
274,punica granatum l,554129-1,Punica granatum,Punica granatum L.,Lythraceae,Species,Punica granatum,Punica granatum L.,554129-1,Punica,2536844,Accepted,direct_wcvp_w_author_unique,Punica granatum L.
275,aspidosperma quebracho-blanco,77440-1,Aspidosperma quebracho-blanco,Aspidosperma quebracho-blanco Schltdl.,Apocynaceae,Species,Aspidosperma quebracho-blanco,Aspidosperma quebracho-blanco Schltdl.,77440-1,Aspidosperma,17346,Accepted,direct_wcvp_unique,Aspidosperma quebracho-blanco
277,solanum tuberosum,821337-1,Solanum tuberosum,Solanum tuberosum L.,Solanaceae,Species,Solanum tuberosum,Solanum tuberosum L.,821337-1,Solanum,2909724,Accepted,direct_wcvp_unique,Solanum tuberosum
278,berberis jaeschkeana c. k.schneid,106787-1,Berberis jaeschkeana,Berberis jaeschkeana C.K.Schneid.,Berberidaceae,Species,Berberis jaeschkeana,Berberis jaeschkeana C.K.Schneid.,106787-1,Berberis,2673971,Accepted,direct_wcvp_w_author_unique,Berberis jaeschkeana C.K.Schneid.
279,lavandula officinalis chaix,77171433-1,Lavandula angustifolia subsp. angustifolia,Lavandula angustifolia subsp. angustifolia,Lamiaceae,Subspecies,Lavandula angustifolia,Lavandula angustifolia Mill.,449008-1,Lavandula angustifolia,109056,Synonym,direct_wcvp_w_author_unique,Lavandula officinalis Chaix
282,ricinus communis,355498-1,Ricinus communis,Ricinus communis L.,Euphorbiaceae,Species,Ricinus communis,Ricinus communis L.,355498-1,Ricinus,178867,Accepted,direct_wcvp_unique,Ricinus communis
285,trigonella corniculata l,523900-1,Trigonella balansae,Trigonella balansae Boiss. & Reut.,Fabaceae,Species,Trigonella balansae,Trigonella balansae Boiss. & Reut.,523900-1,Trigonella,2441486,Synonym,direct_wcvp_w_author_unique,Trigonella corniculata L.
287,calendula officinalis,187894-1,Calendula officinalis,Calendula officinalis L.,Asteraceae,Species,Calendula officinalis,Calendula officinalis L.,187894-1,Calendula,2910167,Accepted,direct_wcvp_unique,Calendula officinalis
288,theobroma cacao,320783-2,Theobroma cacao,Theobroma cacao L.,Malvaceae,Species,Theobroma cacao,Theobroma cacao L.,320783-2,Theobroma,2519807,Accepted,direct_wcvp_unique,Theobroma cacao
291,bocconia frutescens l,316358-2,Bocconia frutescens,Bocconia frutescens L.,Papaveraceae,Species,Bocconia frutescens,Bocconia frutescens L.,316358-2,Bocconia,2677862,Accepted,direct_wcvp_w_author_unique,Bocconia frutescens L.
292,ficus carica,852556-1,Ficus carica,Ficus carica L.,Moraceae,Species,Ficus carica,Ficus carica L.,852556-1,Ficus,2809827,Accepted,direct_wcvp_unique,Ficus carica
293,hyssopus officinalis,127231-2,Hyssopus officinalis,Hyssopus officinalis L.,Lamiaceae,Species,Hyssopus officinalis,Hyssopus officinalis L.,127231-2,Hyssopus,102273,Accepted,direct_wcvp_unique,Hyssopus officinalis
294,polygonum aviculare,695422-1,Polygonum aviculare,Polygonum aviculare L.,Polygonaceae,Species,Polygonum aviculare,Polygonum aviculare L.,695422-1,Polygonum,2574669,Accepted,direct_wcvp_unique,Polygonum aviculare
296,vitex agnus-castus,865568-1,Vitex agnus-castus,Vitex agnus-castus L.,Lamiaceae,Species,Vitex agnus-castus,Vitex agnus-castus L.,865568-1,Vitex,213297,Accepted,direct_wcvp_unique,Vitex agnus-castus
297,thymus vulgaris,461765-1,Thymus vulgaris,Thymus vulgaris L.,Lamiaceae,Species,Thymus vulgaris,Thymus vulgaris L.,461765-1,Thymus,205645,Accepted,direct_wcvp_unique,Thymus vulgaris
299,morus rubra,854710-1,Morus rubra,Morus rubra L.,Moraceae,Species,Morus rubra,Morus rubra L.,854710-1,Morus,2501906,Accepted,direct_wcvp_unique,Morus rubra
300,prunus dulcis,30093848-2,Prunus avium,Prunus avium (L.) L.,Rosaceae,Species,Prunus avium,Prunus avium (L.) L.,30093848-2,Prunus,2917140,Synonym,direct_wcvp,Prunus dulcis
303,vitis vinifera,30478388-2,Vitis vinifera,Vitis vinifera L.,Vitaceae,Species,Vitis vinifera,Vitis vinifera L.,30478388-2,Vitis,2457006,Accepted,direct_wcvp_unique,Vitis vinifera
304,euclea natalensis a.dc,323328-1,Euclea natalensis,Euclea natalensis A.DC.,Ebenaceae,Species,Euclea natalensis,Euclea natalensis A.DC.,323328-1,Euclea,385329,Accepted,direct_wcvp_w_author_unique,Euclea natalensis A.DC.
305,boswellia serrata,127067-1,Boswellia serrata,Boswellia serrata Roxb.,Burseraceae,Species,Boswellia serrata,Boswellia serrata Roxb.,127067-1,Boswellia,2680580,Accepted,direct_wcvp_unique,Boswellia serrata
307,murraya koenigii,771522-1,Bergera koenigii,Bergera koenigii L.,Rutaceae,Species,Bergera koenigii,Bergera koenigii L.,771522-1,Bergera,2510478,Synonym,direct_wcvp_unique,Murraya koenigii
308,populus tremula,302387-2,Populus tremula,Populus tremula L.,Salicaceae,Species,Populus tremula,Populus tremula L.,302387-2,Populus,2917379,Accepted,direct_wcvp_unique,Populus tremula
310,psoralea corylifolia,489225-1,Cullen corylifolium,Cullen corylifolium (L.) Medik.,Fabaceae,Species,Cullen corylifolium,Cullen corylifolium (L.) Medik.,489225-1,Cullen,2535260,Synonym,direct_wcvp_unique,Psoralea corylifolia
311,artemisia absinthium,300106-2,Artemisia absinthium,Artemisia absinthium L.,Asteraceae,Species,Artemisia absinthium,Artemisia absinthium L.,300106-2,Artemisia,2909600,Accepted,direct_wcvp_unique,Artemisia absinthium
312,pyrus communis,30065762-2,Pyrus communis,Pyrus communis L.,Rosaceae,Species,Pyrus communis,Pyrus communis L.,30065762-2,Pyrus,2963115,Accepted,direct_wcvp_unique,Pyrus communis
315,stellaria media,159330-1,Stellaria media,Stellaria media (L.) Vill.,Caryophyllaceae,Species,Stellaria media,Stellaria media (L.) Vill.,159330-1,Stellaria,2481938,Accepted,direct_wcvp,Stellaria media
316,allium sativum l,528796-1,Allium sativum,Allium sativum L.,Amaryllidaceae,Species,Allium sativum,Allium sativum L.,528796-1,Allium,296499,Accepted,direct_wcvp_w_author_unique,Allium sativum L.
317,taraxacum officinale,254151-1,Taraxacum sect. Taraxacum,Taraxacum sect. Taraxacum F.H.Wigg.,Asteraceae,Species,Taraxacum sect. Taraxacum,Taraxacum sect. Taraxacum F.H.Wigg.,254151-1,Taraxacum,3137644,Synonym,direct_wcvp_unique,Taraxacum officinale
318,apium graveolens,838067-1,Apium graveolens,Apium graveolens L.,Apiaceae,Species,Apium graveolens,Apium graveolens L.,838067-1,Apium,2644053,Accepted,direct_wcvp,Apium graveolens
320,achillea coarcata,173896-1,Achillea coarctata,Achillea coarctata Poir.,Asteraceae,Species,Achillea coarctata,Achillea coarctata Poir.,173896-1,Achillea,3109861,Accepted,openrefine_unique,Asteraceae Achillea coarctata Poir.
321,ephedra sinica,383460-1,Ephedra sinica,Ephedra sinica Stapf,Ephedraceae,Species,Ephedra sinica,Ephedra sinica Stapf,383460-1,Ephedra,333041,Accepted,direct_wcvp_unique,Ephedra sinica
324,serenoa repens,941782-1,Serenoa repens,Serenoa repens (W.Bartram) Small,Arecaceae,Species,Serenoa repens,Serenoa repens (W.Bartram) Small,941782-1,Serenoa,190787,Accepted,direct_wcvp_unique,Serenoa repens
325,macleaya cordata (willd. )r.br,673258-1,Macleaya cordata,Macleaya cordata (Willd.) R.Br.,Papaveraceae,Species,Macleaya cordata,Macleaya cordata (Willd.) R.Br.,673258-1,Macleaya,2502545,Accepted,knms_single,Macleaya cordata Narr. Travels Africa: 218 (1826) (Willd.) R.Br. 1826
327,capsella bursa-pastoris,30092589-2,Capsella bursa-pastoris,Capsella bursa-pastoris (L.) Medik.,Brassicaceae,Species,Capsella bursa-pastoris,Capsella bursa-pastoris (L.) Medik.,30092589-2,Capsella,2697999,Accepted,direct_wcvp_unique,Capsella bursa-pastoris
328,schizachyrium scoparium,420956-1,Schizachyrium scoparium,Schizachyrium scoparium (Michx.) Nash,Poaceae,Species,Schizachyrium scoparium,Schizachyrium scoparium (Michx.) Nash,420956-1,Schizachyrium,441401,Accepted,direct_wcvp_unique,Schizachyrium scoparium
331,fadogia agrestis schweinf. ex hiern,77067582-1,Vangueria agrestis,Vangueria agrestis (Schweinf. ex Hiern) Lantz,Rubiaceae,Species,Vangueria agrestis,Vangueria agrestis (Schweinf. ex Hiern) Lantz,77067582-1,Vangueria,83643,Synonym,direct_wcvp_w_author_unique,Fadogia agrestis Schweinf. ex Hiern
332,artocarpus tonkinensis,582651-1,Artocarpus tonkinensis,Artocarpus tonkinensis A.Chev. ex Gagnep.,Moraceae,Species,Artocarpus tonkinensis,Artocarpus tonkinensis A.Chev. ex Gagnep.,582651-1,Artocarpus,2654101,Accepted,direct_wcvp_unique,Artocarpus tonkinensis
333,sedum acre,274996-1,Sedum acre,Sedum acre L.,Crassulaceae,Species,Sedum acre,Sedum acre L.,274996-1,Sedum,2483146,Accepted,direct_wcvp_unique,Sedum acre
335,xanthorrhiza simplicissima,715221-1,Xanthorhiza simplicissima,Xanthorhiza simplicissima Marshall,Ranunculaceae,Species,Xanthorhiza simplicissima,Xanthorhiza simplicissima Marshall,715221-1,Xanthorhiza,2471067,Accepted,knms_single,Xanthorhiza simplicissima Arbust. Amer.: 168 (1785) Marshall 1785
336,sinapis alba,288952-1,Sinapis alba,Sinapis alba L.,Brassicaceae,Species,Sinapis alba,Sinapis alba L.,288952-1,Sinapis,2476404,Accepted,direct_wcvp_unique,Sinapis alba
337,passiflora incarnata,675096-1,Passiflora incarnata,Passiflora incarnata L.,Passifloraceae,Species,Passiflora incarnata,Passiflora incarnata L.,675096-1,Passiflora,2560416,Accepted,direct_wcvp,Passiflora incarnata
340,vaccinium myrtillus,30006039-2,Vaccinium myrtillus,Vaccinium myrtillus L.,Ericaceae,Species,Vaccinium myrtillus,Vaccinium myrtillus L.,30006039-2,Vaccinium,2457648,Accepted,direct_wcvp_unique,Vaccinium myrtillus
342,primula veris,702751-1,Primula veris,Primula veris L.,Primulaceae,Species,Primula veris,Primula veris L.,702751-1,Primula,2563733,Accepted,direct_wcvp_unique,Primula veris
343,sedum maximum,274211-1,Hylotelephium maximum,Hylotelephium maximum (L.) Holub,Crassulaceae,Species,Hylotelephium maximum,Hylotelephium maximum (L.) Holub,274211-1,Hylotelephium,2483346,Synonym,direct_wcvp_unique,Sedum maximum
344,abelmoschus esculentus,558006-1,Abelmoschus esculentus,Abelmoschus esculentus (L.) Moench,Malvaceae,Species,Abelmoschus esculentus,Abelmoschus esculentus (L.) Moench,558006-1,Abelmoschus,2609574,Accepted,direct_wcvp_unique,Abelmoschus esculentus
345,carlina acaulis,189213-1,Carlina acaulis,Carlina acaulis L.,Asteraceae,Species,Carlina acaulis,Carlina acaulis L.,189213-1,Carlina,2925901,Accepted,direct_wcvp,Carlina acaulis
346,andrographis paniculata,45226-1,Andrographis paniculata,Andrographis paniculata (Burm.f.) Wall. ex Nees,Acanthaceae,Species,Andrographis paniculata,Andrographis paniculata (Burm.f.) Wall. ex Nees,45226-1,Andrographis,2637069,Accepted,direct_wcvp_unique,Andrographis paniculata
348,coptis chinensis franch,710313-1,Coptis chinensis,Coptis chinensis Franch.,Ranunculaceae,Species,Coptis chinensis,Coptis chinensis Franch.,710313-1,Coptis,2736105,Accepted,direct_wcvp_w_author_unique,Coptis chinensis Franch.
349,cucurbita maxima,30006538-2,Cucurbita maxima,Cucurbita maxima Duchesne,Cucurbitaceae,Species,Cucurbita maxima,Cucurbita maxima Duchesne,30006538-2,Cucurbita,2747160,Accepted,direct_wcvp_unique,Cucurbita maxima
350,echinacea angustifolia dc,87143-2,Echinacea angustifolia,Echinacea angustifolia DC.,Asteraceae,Species,Echinacea angustifolia,Echinacea angustifolia DC.,87143-2,Echinacea,2910344,Accepted,direct_wcvp_w_author_unique,Echinacea angustifolia DC.
352,garcinia indi-ca,428006-1,Garcinia indica,Garcinia indica (Thouars) Choisy,Clusiaceae,Species,Garcinia indica,Garcinia indica (Thouars) Choisy,428006-1,Garcinia,2816906,Accepted,knms_single,"Garcinia indica A.P.de Candolle, Prodr. 1: 561 (1824) (Thouars) Choisy 1824"
355,mitchella repens,280970-2,Mitchella repens,Mitchella repens L.,Rubiaceae,Species,Mitchella repens,Mitchella repens L.,280970-2,Mitchella,128666,Accepted,direct_wcvp_unique,Mitchella repens
356,commiphora molmol,127741-1,Commiphora myrrha,Commiphora myrrha (T.Nees) Engl.,Burseraceae,Species,Commiphora myrrha,Commiphora myrrha (T.Nees) Engl.,127741-1,Commiphora,2733582,Synonym,direct_wcvp_unique,Commiphora molmol
357,momordica charantia l,293413-1,Momordica charantia,Momordica charantia L.,Cucurbitaceae,Species,Momordica charantia,Momordica charantia L.,293413-1,Momordica,2372864,Accepted,direct_wcvp_w_author_unique,Momordica charantia L.
358,trachyspermum ammi,849765-1,Trachyspermum ammi,Trachyspermum ammi (L.) Sprague,Apiaceae,Species,Trachyspermum ammi,Trachyspermum ammi (L.) Sprague,849765-1,Trachyspermum,2438394,Accepted,direct_wcvp_unique,Trachyspermum ammi
360,boerhaavia diffusa,326899-2,Boerhavia diffusa,Boerhavia diffusa L.,Nyctaginaceae,Species,Boerhavia diffusa,Boerhavia diffusa L.,326899-2,Boerhavia,2678624,Accepted,knms_single,Boerhavia diffusa Sp. Pl.: 3 (1753) L. 1753
361,annickia pilosa (exell) setten &maas (ex-enantia pilosa exell,948448-1,Annickia pilosa,Annickia pilosa (Exell) Setten & Maas,Annonaceae,Species,Annickia pilosa,Annickia pilosa (Exell) Setten & Maas,948448-1,Annickia,2640765,Accepted,knms_single,Annickia pilosa Taxon 39: 676 (1990) (Exell) Setten & Maas 1990
362,zanthoxylum americanum,775568-1,Zanthoxylum americanum,Zanthoxylum americanum Mill.,Rutaceae,Species,Zanthoxylum americanum,Zanthoxylum americanum Mill.,775568-1,Zanthoxylum,2470763,Accepted,direct_wcvp_unique,Zanthoxylum americanum
364,cichorium intybus,194533-1,Cichorium intybus,Cichorium intybus L.,Asteraceae,Species,Cichorium intybus,Cichorium intybus L.,194533-1,Cichorium,2901597,Accepted,direct_wcvp_unique,Cichorium intybus
365,myrciaria dubia,166146-2,Myrciaria dubia,Myrciaria dubia (Kunth) McVaugh,Myrtaceae,Species,Myrciaria dubia,Myrciaria dubia (Kunth) McVaugh,166146-2,Myrciaria,131810,Accepted,direct_wcvp_unique,Myrciaria dubia
366,euphorbia neriifolia,347489-1,Euphorbia neriifolia,Euphorbia neriifolia L.,Euphorbiaceae,Species,Euphorbia neriifolia,Euphorbia neriifolia L.,347489-1,Euphorbia,81079,Accepted,direct_wcvp,Euphorbia neriifolia
369,satureja montana,457736-1,Satureja montana,Satureja montana L.,Lamiaceae,Species,Satureja montana,Satureja montana L.,457736-1,Satureja,185794,Accepted,direct_wcvp_unique,Satureja montana
371,tilia tomentosa moench,835608-1,Tilia tomentosa,Tilia tomentosa Moench,Malvaceae,Species,Tilia tomentosa,Tilia tomentosa Moench,835608-1,Tilia,2517619,Accepted,direct_wcvp_w_author_unique,Tilia tomentosa Moench
372,marrubium vulgare,449990-1,Marrubium vulgare,Marrubium vulgare L.,Lamiaceae,Species,Marrubium vulgare,Marrubium vulgare L.,449990-1,Marrubium,120952,Accepted,direct_wcvp_unique,Marrubium vulgare
373,corydalis hendersonii hemsl,672272-1,Corydalis hendersonii,Corydalis hendersonii Hemsl.,Papaveraceae,Species,Corydalis hendersonii,Corydalis hendersonii Hemsl.,672272-1,Corydalis,2738816,Accepted,direct_wcvp_w_author_unique,Corydalis hendersonii Hemsl.
374,terminalia bellirica (gaertn.) roxb,170982-1,Terminalia bellirica,Terminalia bellirica (Gaertn.) Roxb.,Combretaceae,Species,Terminalia bellirica,Terminalia bellirica (Gaertn.) Roxb.,170982-1,Terminalia,2431540,Accepted,direct_wcvp_w_author_unique,Terminalia bellirica (Gaertn.) Roxb.
375,cannabis sativa l,306087-2,Cannabis sativa,Cannabis sativa L.,Cannabaceae,Species,Cannabis sativa,Cannabis sativa L.,306087-2,Cannabis,2696480,Accepted,direct_wcvp_w_author_unique,Cannabis sativa L.
376,pinaropappus roseus less,238407-1,Pinaropappus roseus,Pinaropappus roseus (Less.) Less.,Asteraceae,Species,Pinaropappus roseus,Pinaropappus roseus (Less.) Less.,238407-1,Pinaropappus,3063785,Accepted,direct_wcvp_w_author_unique,Pinaropappus roseus Less.
377,ecballium elaterium rich,292573-1,Ecballium elaterium,Ecballium elaterium (L.) A.Rich.,Cucurbitaceae,Species,Ecballium elaterium,Ecballium elaterium (L.) A.Rich.,292573-1,Ecballium,2780660,Accepted,autoresolution,Ecballium elaterium
378,leonurus cardiaca,449168-1,Leonurus cardiaca,Leonurus cardiaca L.,Lamiaceae,Species,Leonurus cardiaca,Leonurus cardiaca L.,449168-1,Leonurus,109505,Accepted,direct_wcvp_unique,Leonurus cardiaca
379,berberis vulgaris l,328527-2,Berberis vulgaris,Berberis vulgaris L.,Berberidaceae,Species,Berberis vulgaris,Berberis vulgaris L.,328527-2,Berberis,2674612,Accepted,direct_wcvp_w_author_unique,Berberis vulgaris L.
383,berberis empetrifolia lam,106632-1,Berberis empetrifolia,Berberis empetrifolia Lam.,Berberidaceae,Species,Berberis empetrifolia,Berberis empetrifolia Lam.,106632-1,Berberis,2673747,Accepted,direct_wcvp_w_author_unique,Berberis empetrifolia Lam.
384,sanguinaria canadensis,673993-1,Sanguinaria canadensis,Sanguinaria canadensis L.,Papaveraceae,Species,Sanguinaria canadensis,Sanguinaria canadensis L.,673993-1,Sanguinaria,2602762,Accepted,direct_wcvp_unique,Sanguinaria canadensis
385,rhamnus purshianus,30426867-2,Frangula purshiana,Frangula purshiana (DC.) A.Gray ex J.G.Cooper,Rhamnaceae,Species,Frangula purshiana,Frangula purshiana (DC.) A.Gray ex J.G.Cooper,30426867-2,Frangula,2522773,Synonym,knms_single,Rhamnus purshiana Prodr. 2: 25 (1825) DC. 1825
387,tapinanthus globiferus,551928-1,Tapinanthus globifer,Tapinanthus globifer (A.Rich.) Tiegh.,Loranthaceae,Species,Tapinanthus globifer,Tapinanthus globifer (A.Rich.) Tiegh.,551928-1,Tapinanthus,2441840,Accepted,openrefine_unique,Loranthaceae Tapinanthus globifer (A.Rich.) Tiegh.
388,papaver somniferum,673724-1,Papaver somniferum,Papaver somniferum L.,Papaveraceae,Species,Papaver somniferum,Papaver somniferum L.,673724-1,Papaver,2561497,Accepted,direct_wcvp_unique,Papaver somniferum
389,liriodendron tulipifera,30197364-2,Liriodendron tulipifera,Liriodendron tulipifera L.,Magnoliaceae,Species,Liriodendron tulipifera,Liriodendron tulipifera L.,30197364-2,Liriodendron,113859,Accepted,direct_wcvp_unique,Liriodendron tulipifera
390,rheum officinale,696768-1,Rheum officinale,Rheum officinale Baill.,Polygonaceae,Species,Rheum officinale,Rheum officinale Baill.,696768-1,Rheum,2425521,Accepted,direct_wcvp_unique,Rheum officinale
393,shorea roxburghii,77217927-1,Anthoshorea roxburghii,Anthoshorea roxburghii (G.Don) P.S.Ashton & J.Heck.,Dipterocarpaceae,Species,Anthoshorea roxburghii,Anthoshorea roxburghii (G.Don) P.S.Ashton & J.Heck.,77217927-1,Anthoshorea,2592562,Synonym,direct_wcvp_unique,Shorea roxburghii
395,azadirachta indica,1213180-2,Azadirachta indica,Azadirachta indica A.Juss.,Meliaceae,Species,Azadirachta indica,Azadirachta indica A.Juss.,1213180-2,Azadirachta,2667002,Accepted,direct_wcvp_unique,Azadirachta indica
396,elymus repens,90320-2,Elymus repens,Elymus repens (L.) Gould,Poaceae,Species,Elymus repens,Elymus repens (L.) Gould,90320-2,Elymus,411505,Accepted,direct_wcvp_unique,Elymus repens
397,sideritis raeseri boiss.&heldr,459065-1,Sideritis raeseri,Sideritis raeseri Boiss. & Heldr.,Lamiaceae,Species,Sideritis raeseri,Sideritis raeseri Boiss. & Heldr.,459065-1,Sideritis,191594,Accepted,autoresolution,Sideritis raeseri
398,gentiana officinalis,368591-1,Gentiana officinalis,Gentiana officinalis Harry Sm.,Gentianaceae,Species,Gentiana officinalis,Gentiana officinalis Harry Sm.,368591-1,Gentiana,2821065,Accepted,direct_wcvp_unique,Gentiana officinalis
400,sideritis sipylea boiss,459098-1,Sideritis sipylea,Sideritis sipylea Boiss.,Lamiaceae,Species,Sideritis sipylea,Sideritis sipylea Boiss.,459098-1,Sideritis,191659,Accepted,direct_wcvp_w_author_unique,Sideritis sipylea Boiss.
401,coriandrum sativum,840760-1,Coriandrum sativum,Coriandrum sativum L.,Apiaceae,Species,Coriandrum sativum,Coriandrum sativum L.,840760-1,Coriandrum,2737546,Accepted,direct_wcvp_unique,Coriandrum sativum
408,nepeta cataria,452333-1,Nepeta cataria,Nepeta cataria L.,Lamiaceae,Species,Nepeta cataria,Nepeta cataria L.,452333-1,Nepeta,134509,Accepted,direct_wcvp_unique,Nepeta cataria
410,avena sativa,391732-1,Avena sativa,Avena sativa L.,Poaceae,Species,Avena sativa,Avena sativa L.,391732-1,Avena,397860,Accepted,direct_wcvp_unique,Avena sativa
411,fagus grandifolia,295597-1,Fagus grandifolia,Fagus grandifolia Ehrh.,Fagaceae,Species,Fagus grandifolia,Fagus grandifolia Ehrh.,295597-1,Fagus,83824,Accepted,direct_wcvp_unique,Fagus grandifolia
412,pycnanthemum muticum,214748-2,Pycnanthemum muticum,Pycnanthemum muticum (Michx.) Pers.,Lamiaceae,Species,Pycnanthemum muticum,Pycnanthemum muticum (Michx.) Pers.,214748-2,Pycnanthemum,171062,Accepted,direct_wcvp_unique,Pycnanthemum muticum
413,anethum graveolens,837530-1,Anethum graveolens,Anethum graveolens L.,Apiaceae,Species,Anethum graveolens,Anethum graveolens L.,837530-1,Anethum,2638934,Accepted,direct_wcvp,Anethum graveolens
414,paliurus spina-christi,717707-1,Paliurus spina-christi,Paliurus spina-christi Mill.,Rhamnaceae,Species,Paliurus spina-christi,Paliurus spina-christi Mill.,717707-1,Paliurus,2544155,Accepted,direct_wcvp_unique,Paliurus spina-christi
415,syzygium cumini,601603-1,Syzygium cumini,Syzygium cumini (L.) Skeels,Myrtaceae,Species,Syzygium cumini,Syzygium cumini (L.) Skeels,601603-1,Syzygium,199476,Accepted,direct_wcvp_unique,Syzygium cumini
416,chamaemelum nobile (l.) all,192489-1,Chamaemelum nobile,Chamaemelum nobile (L.) All.,Asteraceae,Species,Chamaemelum nobile,Chamaemelum nobile (L.) All.,192489-1,Chamaemelum,2906828,Accepted,direct_wcvp_w_author_unique,Chamaemelum nobile (L.) All.
417,annona reticulata,72295-1,Annona reticulata,Annona reticulata L.,Annonaceae,Species,Annona reticulata,Annona reticulata L.,72295-1,Annona,2640996,Accepted,direct_wcvp,Annona reticulata
418,vinca minor,82701-1,Vinca minor,Vinca minor L.,Apocynaceae,Species,Vinca minor,Vinca minor L.,82701-1,Vinca,213172,Accepted,direct_wcvp_unique,Vinca minor
419,datura stramonium,314738-2,Datura stramonium,Datura stramonium L.,Solanaceae,Species,Datura stramonium,Datura stramonium L.,314738-2,Datura,2757848,Accepted,direct_wcvp_unique,Datura stramonium
420,beta vulgaris,164505-1,Beta vulgaris,Beta vulgaris L.,Amaranthaceae,Species,Beta vulgaris,Beta vulgaris L.,164505-1,Beta,2675613,Accepted,direct_wcvp_unique,Beta vulgaris
422,achillea millefolium,2294-2,Achillea millefolium,Achillea millefolium L.,Asteraceae,Species,Achillea millefolium,Achillea millefolium L.,2294-2,Achillea,2908230,Accepted,direct_wcvp_unique,Achillea millefolium
423,orthosiphon aristatus,453446-1,Orthosiphon aristatus,Orthosiphon aristatus (Blume) Miq.,Lamiaceae,Species,Orthosiphon aristatus,Orthosiphon aristatus (Blume) Miq.,453446-1,Orthosiphon,144294,Accepted,direct_wcvp_unique,Orthosiphon aristatus
424,entada africana guill. & perr,493820-1,Entada africana,Entada africana Guill. & Perr.,Fabaceae,Species,Entada africana,Entada africana Guill. & Perr.,493820-1,Entada,2789428,Accepted,direct_wcvp_w_author_unique,Entada africana Guill. & Perr.
426,forsythia suspensa,608900-1,Forsythia suspensa,Forsythia suspensa (Thunb.) Vahl,Oleaceae,Species,Forsythia suspensa,Forsythia suspensa (Thunb.) Vahl,608900-1,Forsythia,369441,Accepted,direct_wcvp_unique,Forsythia suspensa
427,silybum marianum,249211-1,Silybum marianum,Silybum marianum (L.) Gaertn.,Asteraceae,Species,Silybum marianum,Silybum marianum (L.) Gaertn.,249211-1,Silybum,2901907,Accepted,direct_wcvp_unique,Silybum marianum
428,mandragora officinarum,816733-1,Mandragora officinarum,Mandragora officinarum L.,Solanaceae,Species,Mandragora officinarum,Mandragora officinarum L.,816733-1,Mandragora,2506563,Accepted,direct_wcvp_unique,Mandragora officinarum
429,cuminum cyminum,840882-1,Cuminum cyminum,Cuminum cyminum L.,Apiaceae,Species,Cuminum cyminum,Cuminum cyminum L.,840882-1,Cuminum,2747364,Accepted,direct_wcvp_unique,Cuminum cyminum
430,juniperus virginiana,132551-2,Juniperus virginiana,Juniperus virginiana L.,Cupressaceae,Species,Juniperus virginiana,Juniperus virginiana L.,132551-2,Juniperus,377287,Accepted,direct_wcvp_unique,Juniperus virginiana
431,pulicaria wightiana,240627-1,Pulicaria wightiana,Pulicaria wightiana (DC.) C.B.Clarke,Asteraceae,Species,Pulicaria wightiana,Pulicaria wightiana (DC.) C.B.Clarke,240627-1,Pulicaria,3113751,Accepted,direct_wcvp_unique,Pulicaria wightiana
432,valeriana officinalis,860012-1,Valeriana officinalis,Valeriana officinalis L.,Caprifoliaceae,Species,Valeriana officinalis,Valeriana officinalis L.,860012-1,Valeriana,2464616,Accepted,direct_wcvp_unique,Valeriana officinalis
434,lagenaria siceraria,134809-2,Lagenaria siceraria,Lagenaria siceraria (Molina) Standl.,Cucurbitaceae,Species,Lagenaria siceraria,Lagenaria siceraria (Molina) Standl.,134809-2,Lagenaria,2342950,Accepted,direct_wcvp_unique,Lagenaria siceraria
437,malva sylvestris l,561932-1,Malva sylvestris,Malva sylvestris L.,Malvaceae,Species,Malva sylvestris,Malva sylvestris L.,561932-1,Malva,2504118,Accepted,direct_wcvp_w_author_unique,Malva sylvestris L.
438,tamarindus indica,520167-1,Tamarindus indica,Tamarindus indica L.,Fabaceae,Species,Tamarindus indica,Tamarindus indica L.,520167-1,Tamarindus,2444682,Accepted,direct_wcvp_unique,Tamarindus indica
440,hydrastis canadensis l,305699-2,Hydrastis canadensis,Hydrastis canadensis L.,Ranunculaceae,Species,Hydrastis canadensis,Hydrastis canadensis L.,305699-2,Hydrastis,2855852,Accepted,direct_wcvp_w_author_unique,Hydrastis canadensis L.
441,arnica montana,30090722-2,Arnica montana,Arnica montana L.,Asteraceae,Species,Arnica montana,Arnica montana L.,30090722-2,Arnica,2909364,Accepted,direct_wcvp,Arnica montana
443,bidens pilosa,32564-2,Bidens pilosa,Bidens pilosa L.,Asteraceae,Species,Bidens pilosa,Bidens pilosa L.,32564-2,Bidens,2925686,Accepted,direct_wcvp_unique,Bidens pilosa
446,gymnema sylvestre (retz.) r. br. ex sm,60454719-2,Gymnema sylvestre,Gymnema sylvestre (Retz.) R.Br. ex Sm.,Apocynaceae,Species,Gymnema sylvestre,Gymnema sylvestre (Retz.) R.Br. ex Sm.,60454719-2,Gymnema,506350,Accepted,knms_single,"Gymnema sylvestre A.Rees, Cycl. 17: n.º 4 (1811) (Retz.) R.Br. ex Sm. 1811"
447,zingiber officinale,798372-1,Zingiber officinale,Zingiber officinale Roscoe,Zingiberaceae,Species,Zingiber officinale,Zingiber officinale Roscoe,798372-1,Zingiber,273361,Accepted,direct_wcvp_unique,Zingiber officinale
448,croton lechleri,342842-1,Croton lechleri,Croton lechleri Müll.Arg.,Euphorbiaceae,Species,Croton lechleri,Croton lechleri Müll.Arg.,342842-1,Croton,50333,Accepted,direct_wcvp_unique,Croton lechleri
450,polygala senega,283498-2,Polygala senega,Polygala senega L.,Polygalaceae,Species,Polygala senega,Polygala senega L.,283498-2,Polygala,2573250,Accepted,direct_wcvp_unique,Polygala senega
451,capsicum frutescens,316959-2,Capsicum frutescens,Capsicum frutescens L.,Solanaceae,Species,Capsicum frutescens,Capsicum frutescens L.,316959-2,Capsicum,2698515,Accepted,direct_wcvp_unique,Capsicum frutescens
452,equisetum arvense,300073-2,Equisetum arvense,Equisetum arvense L.,Equisetaceae,Species,Equisetum arvense,Equisetum arvense L.,300073-2,Equisetum,2910663,Accepted,direct_wcvp_unique,Equisetum arvense
453,catharanthus roseus,77880-1,Catharanthus roseus,Catharanthus roseus (L.) G.Don,Apocynaceae,Species,Catharanthus roseus,Catharanthus roseus (L.) G.Don,77880-1,Catharanthus,35719,Accepted,direct_wcvp_unique,Catharanthus roseus
454,agrimonia eupatoria,316550-2,Agrimonia eupatoria,Agrimonia eupatoria L.,Rosaceae,Species,Agrimonia eupatoria,Agrimonia eupatoria L.,316550-2,Agrimonia,2907448,Accepted,direct_wcvp_unique,Agrimonia eupatoria
455,viburnum prunifolium,326270-2,Viburnum prunifolium,Viburnum prunifolium L.,Viburnaceae,Species,Viburnum prunifolium,Viburnum prunifolium L.,326270-2,Viburnum,2458593,Accepted,direct_wcvp_unique,Viburnum prunifolium
456,coptis groenlandica,710328-1,Coptis trifolia,Coptis trifolia (L.) Salisb.,Ranunculaceae,Species,Coptis trifolia,Coptis trifolia (L.) Salisb.,710328-1,Coptis,2736111,Synonym,direct_wcvp_unique,Coptis groenlandica
458,ilex paraguayensis,77231540-1,Ilex paraguariensis var. paraguariensis,Ilex paraguariensis var. paraguariensis,Aquifoliaceae,Variety,Ilex paraguariensis,Ilex paraguariensis A.St.-Hil.,315555-2,Ilex paraguariensis,2861241,Synonym,direct_wcvp_unique,Ilex paraguayensis
459,petroselinum crispum,60442790-2,Petroselinum crispum,Petroselinum crispum (Mill.) Fuss,Apiaceae,Species,Petroselinum crispum,Petroselinum crispum (Mill.) Fuss,60442790-2,Petroselinum,2898243,Accepted,direct_wcvp_unique,Petroselinum crispum
460,thuja occidentalis,263956-1,Thuja occidentalis,Thuja occidentalis L.,Cupressaceae,Species,Thuja occidentalis,Thuja occidentalis L.,263956-1,Thuja,378542,Accepted,direct_wcvp_unique,Thuja occidentalis
461,ruscus aculeatus,540443-1,Ruscus aculeatus,Ruscus aculeatus L.,Asparagaceae,Species,Ruscus aculeatus,Ruscus aculeatus L.,540443-1,Ruscus,286704,Accepted,direct_wcvp_unique,Ruscus aculeatus
462,carthamus tinctorius,324467-2,Carthamus tinctorius,Carthamus tinctorius L.,Asteraceae,Species,Carthamus tinctorius,Carthamus tinctorius L.,324467-2,Carthamus,2900984,Accepted,direct_wcvp_unique,Carthamus tinctorius
463,glaucium corniculatum (l.)rud. subsp. corniculatum,673158-1,Glaucium corniculatum,Glaucium corniculatum (L.) Rudolph,Papaveraceae,Species,Glaucium corniculatum,Glaucium corniculatum (L.) Rudolph,673158-1,Glaucium,2826321,Accepted,autoresolution,Glaucium corniculatum
465,schisandra chinensis,60456331-2,Schisandra chinensis,Schisandra chinensis (Turcz.) Baill.,Schisandraceae,Species,Schisandra chinensis,Schisandra chinensis (Turcz.) Baill.,60456331-2,Schisandra,381262,Accepted,direct_wcvp_unique,Schisandra chinensis
466,cistus creticus,168230-1,Cistus creticus,Cistus creticus L.,Cistaceae,Species,Cistus creticus,Cistus creticus L.,168230-1,Cistus,2723343,Accepted,direct_wcvp_unique,Cistus creticus
469,ceratonia siliqua,485647-1,Ceratonia siliqua,Ceratonia siliqua L.,Fabaceae,Species,Ceratonia siliqua,Ceratonia siliqua L.,485647-1,Ceratonia,2711136,Accepted,direct_wcvp_unique,Ceratonia siliqua
470,ulmus rubra,306680-2,Ulmus rubra,Ulmus rubra Muhl.,Ulmaceae,Species,Ulmus rubra,Ulmus rubra Muhl.,306680-2,Ulmus,2448805,Accepted,direct_wcvp_unique,Ulmus rubra
471,pygeum africanum,729417-1,Prunus africana,Prunus africana (Hook.f.) Kalkman,Rosaceae,Species,Prunus africana,Prunus africana (Hook.f.) Kalkman,729417-1,Prunus,2921971,Synonym,direct_wcvp_unique,Pygeum africanum
474,annickia chlorantha (oliv. )setten & maas (ex-enantiachlorantha oliv,948442-1,Annickia chlorantha,Annickia chlorantha (Oliv.) Setten & Maas,Annonaceae,Species,Annickia chlorantha,Annickia chlorantha (Oliv.) Setten & Maas,948442-1,Annickia,2640759,Accepted,knms_single,Annickia chlorantha Taxon 39: 676 (1990) (Oliv.) Setten & Maas 1990
475,viola tricolor l,869428-1,Viola tricolor,Viola tricolor L.,Violaceae,Species,Viola tricolor,Viola tricolor L.,869428-1,Viola,2461201,Accepted,direct_wcvp_w_author_unique,Viola tricolor L.
476,hibiscus sabdariffa,326388-2,Hibiscus sabdariffa,Hibiscus sabdariffa L.,Malvaceae,Species,Hibiscus sabdariffa,Hibiscus sabdariffa L.,326388-2,Hibiscus,2850461,Accepted,direct_wcvp_unique,Hibiscus sabdariffa
477,macleaya microcarpa(maxim.) fedde,673260-1,Macleaya microcarpa,Macleaya microcarpa (Maxim.) Fedde,Papaveraceae,Species,Macleaya microcarpa,Macleaya microcarpa (Maxim.) Fedde,673260-1,Macleaya,2502542,Accepted,knms_single,Macleaya microcarpa Beibl. Bot. Jahrb. Syst. 82: 45 (1905) (Maxim.) Fedde 1905
478,hypericum empetrifolium,433403-1,Hypericum empetrifolium,Hypericum empetrifolium Willd.,Hypericaceae,Species,Hypericum empetrifolium,Hypericum empetrifolium Willd.,433403-1,Hypericum,515400,Accepted,direct_wcvp,Hypericum empetrifolium
481,phytolacca octandra,323293-2,Phytolacca octandra,Phytolacca octandra L.,Phytolaccaceae,Species,Phytolacca octandra,Phytolacca octandra L.,323293-2,Phytolacca,2562609,Accepted,direct_wcvp_unique,Phytolacca octandra
482,berberis oblonga (regel) c. k.schneid,106944-1,Berberis oblonga,Berberis oblonga (Regel) C.K.Schneid.,Berberidaceae,Species,Berberis oblonga,Berberis oblonga (Regel) C.K.Schneid.,106944-1,Berberis,2674217,Accepted,direct_wcvp_w_author_unique,Berberis oblonga (Regel) C.K.Schneid.
483,coleus forskohlii,77170941-1,Coleus barbatus var. barbatus,Coleus barbatus var. barbatus,Lamiaceae,Variety,Coleus barbatus,Coleus barbatus (Andrews) Benth. ex G.Don,60454692-2,Coleus barbatus,545635,Misapplied,direct_wcvp_unique,Coleus forskohlii
484,krameria triandra,912741-1,Krameria lappacea,Krameria lappacea (Dombey) Burdet & B.B.Simpson,Krameriaceae,Species,Krameria lappacea,Krameria lappacea (Dombey) Burdet & B.B.Simpson,912741-1,Krameria,2336138,Synonym,direct_wcvp_unique,Krameria triandra
485,sauromatum venosum,88690-1,Sauromatum venosum,Sauromatum venosum (Aiton) Kunth,Araceae,Species,Sauromatum venosum,Sauromatum venosum (Aiton) Kunth,88690-1,Sauromatum,186383,Accepted,direct_wcvp_unique,Sauromatum venosum
491,coffea arabica,747038-1,Coffea arabica,Coffea arabica L.,Rubiaceae,Species,Coffea arabica,Coffea arabica L.,747038-1,Coffea,45400,Accepted,direct_wcvp_unique,Coffea arabica
496,thermopsis rhombifolia,521202-1,Thermopsis rhombifolia,Thermopsis rhombifolia (Pursh) Richardson,Fabaceae,Species,Thermopsis rhombifolia,Thermopsis rhombifolia (Pursh) Richardson,521202-1,Thermopsis,2443824,Accepted,direct_wcvp_unique,Thermopsis rhombifolia
497,syzygium aromaticum,601421-1,Syzygium aromaticum,Syzygium aromaticum (L.) Merr. & L.M.Perry,Myrtaceae,Species,Syzygium aromaticum,Syzygium aromaticum (L.) Merr. & L.M.Perry,601421-1,Syzygium,199236,Accepted,direct_wcvp_unique,Syzygium aromaticum
498,ocimum tenuiflorum,453130-1,Ocimum tenuiflorum,Ocimum tenuiflorum L.,Lamiaceae,Species,Ocimum tenuiflorum,Ocimum tenuiflorum L.,453130-1,Ocimum,137105,Accepted,direct_wcvp_unique,Ocimum tenuiflorum
501,cimicifuga racemosa,316204-2,Actaea racemosa,Actaea racemosa L.,Ranunculaceae,Species,Actaea racemosa,Actaea racemosa L.,316204-2,Actaea,2720998,Synonym,direct_wcvp_unique,Cimicifuga racemosa
502,hedera helix,90723-1,Hedera helix,Hedera helix L.,Araliaceae,Species,Hedera helix,Hedera helix L.,90723-1,Hedera,96659,Accepted,direct_wcvp,Hedera helix
507,arachis hypogaea,318562-2,Arachis hypogaea,Arachis hypogaea L.,Fabaceae,Species,Arachis hypogaea,Arachis hypogaea L.,318562-2,Arachis,2646420,Accepted,direct_wcvp_unique,Arachis hypogaea
508,plantago lanceolata,321285-2,Plantago lanceolata,Plantago lanceolata L.,Plantaginaceae,Species,Plantago lanceolata,Plantago lanceolata L.,321285-2,Plantago,2569834,Accepted,direct_wcvp_unique,Plantago lanceolata
510,raphanus sativus,77159305-1,Raphanus raphanistrum subsp. sativus,Raphanus raphanistrum subsp. sativus (L.) Domin,Brassicaceae,Subspecies,Raphanus raphanistrum,Raphanus raphanistrum L.,217826-2,Raphanus raphanistrum,2422375,Synonym,direct_wcvp_unique,Raphanus sativus
512,crocus sativus,436688-1,Crocus sativus,Crocus sativus L.,Iridaceae,Species,Crocus sativus,Crocus sativus L.,436688-1,Crocus,327454,Accepted,direct_wcvp_unique,Crocus sativus
514,chenopodium botrys l,1076147-2,Dysphania botrys,Dysphania botrys (L.) Mosyakin & Clemants,Amaranthaceae,Species,Dysphania botrys,Dysphania botrys (L.) Mosyakin & Clemants,1076147-2,Dysphania,2717183,Synonym,direct_wcvp_w_author_unique,Chenopodium botrys L.
515,chasmanthera dependens hoechst,580270-1,Chasmanthera dependens,Chasmanthera dependens Hochst.,Menispermaceae,Species,Chasmanthera dependens,Chasmanthera dependens Hochst.,580270-1,Chasmanthera,2715956,Accepted,autoresolution,Chasmanthera dependens
516,althaea officinalis,558872-1,Althaea officinalis,Althaea officinalis L.,Malvaceae,Species,Althaea officinalis,Althaea officinalis L.,558872-1,Althaea,2631597,Accepted,direct_wcvp_unique,Althaea officinalis
517,corchorus olitorius,320796-2,Corchorus olitorius,Corchorus olitorius L.,Malvaceae,Species,Corchorus olitorius,Corchorus olitorius L.,320796-2,Corchorus,2736427,Accepted,direct_wcvp_unique,Corchorus olitorius
518,citrullus colocynthis,291930-1,Citrullus colocynthis,Citrullus colocynthis (L.) Schrad.,Cucurbitaceae,Species,Citrullus colocynthis,Citrullus colocynthis (L.) Schrad.,291930-1,Citrullus,2723897,Accepted,direct_wcvp_unique,Citrullus colocynthis
519,rosmarinus officinalis,457138-1,Salvia rosmarinus,Salvia rosmarinus Spenn.,Lamiaceae,Species,Salvia rosmarinus,Salvia rosmarinus Spenn.,457138-1,Salvia,179873,Synonym,direct_wcvp_unique,Rosmarinus officinalis
520,humulus lupulus,303502-2,Humulus lupulus,Humulus lupulus L.,Cannabaceae,Species,Humulus lupulus,Humulus lupulus L.,303502-2,Humulus,2855039,Accepted,direct_wcvp_unique,Humulus lupulus
521,berberis aquifolium pursh,31334-2,Berberis aquifolium,Berberis aquifolium Pursh,Berberidaceae,Species,Berberis aquifolium,Berberis aquifolium Pursh,31334-2,Berberis,2673426,Accepted,direct_wcvp_w_author_unique,Berberis aquifolium Pursh
523,ribes nigrum,792873-1,Ribes nigrum,Ribes nigrum L.,Grossulariaceae,Species,Ribes nigrum,Ribes nigrum L.,792873-1,Ribes,2426569,Accepted,direct_wcvp_unique,Ribes nigrum
524,harrisonia perforata,813738-1,Harrisonia perforata,Harrisonia perforata (Blanco) Merr.,Rutaceae,Species,Harrisonia perforata,Harrisonia perforata (Blanco) Merr.,813738-1,Harrisonia,2839900,Accepted,direct_wcvp_unique,Harrisonia perforata
525,lobelia siphilitica,143861-1,Lobelia siphilitica,Lobelia siphilitica L.,Campanulaceae,Species,Lobelia siphilitica,Lobelia siphilitica L.,143861-1,Lobelia,352898,Accepted,direct_wcvp_unique,Lobelia siphilitica
527,pistacia lentiscus l,70253-1,Pistacia lentiscus,Pistacia lentiscus L.,Anacardiaceae,Species,Pistacia lentiscus,Pistacia lentiscus L.,70253-1,Pistacia,2407564,Accepted,direct_wcvp_w_author_unique,Pistacia lentiscus L.
530,eucommia ulmoides,554475-1,Eucommia ulmoides,Eucommia ulmoides Oliv.,Eucommiaceae,Species,Eucommia ulmoides,Eucommia ulmoides Oliv.,554475-1,Eucommia,514395,Accepted,direct_wcvp_unique,Eucommia ulmoides
531,rhamnus cathartica,718256-1,Rhamnus cathartica,Rhamnus cathartica L.,Rhamnaceae,Species,Rhamnus cathartica,Rhamnus cathartica L.,718256-1,Rhamnus,2523018,Accepted,direct_wcvp_unique,Rhamnus cathartica
533,parthenium integrifolium,236512-1,Parthenium integrifolium,Parthenium integrifolium L.,Asteraceae,Species,Parthenium integrifolium,Parthenium integrifolium L.,236512-1,Parthenium,2928880,Accepted,direct_wcvp_unique,Parthenium integrifolium
534,panax quinquefolia,300467-2,Panax quinquefolius,Panax quinquefolius L.,Araliaceae,Species,Panax quinquefolius,Panax quinquefolius L.,300467-2,Panax,146781,Accepted,knms_single,Panax quinquefolius Sp. Pl.: 1058 (1753) L. 1753
536,aloe vera,530017-1,Aloe vera,Aloe vera (L.) Burm.f.,Asphodelaceae,Species,Aloe vera,Aloe vera (L.) Burm.f.,530017-1,Aloe,298116,Accepted,direct_wcvp,Aloe vera
541,rollinia mucosa (jacq.) baill,72259-1,Annona mucosa,Annona mucosa Jacq.,Annonaceae,Species,Annona mucosa,Annona mucosa Jacq.,72259-1,Annona,2422355,Synonym,direct_wcvp_w_author_unique,Rollinia mucosa (Jacq.) Baill.
542,spinacia oleracea,167384-1,Spinacia oleracea,Spinacia oleracea L.,Amaranthaceae,Species,Spinacia oleracea,Spinacia oleracea L.,167384-1,Spinacia,2483900,Accepted,direct_wcvp_unique,Spinacia oleracea
543,piper methysticum,198437-2,Piper methysticum,Piper methysticum G.Forst.,Piperaceae,Species,Piper methysticum,Piper methysticum G.Forst.,198437-2,Piper,2569602,Accepted,direct_wcvp,Piper methysticum
545,maclura pomifera,148738-2,Maclura pomifera,Maclura pomifera (Raf.) C.K.Schneid.,Moraceae,Species,Maclura pomifera,Maclura pomifera (Raf.) C.K.Schneid.,148738-2,Maclura,2501306,Accepted,direct_wcvp_unique,Maclura pomifera
547,myrica asplenifolium,64014-2,Comptonia peregrina,Comptonia peregrina (L.) Coult.,Myricaceae,Species,Comptonia peregrina,Comptonia peregrina (L.) Coult.,64014-2,Comptonia,2500769,Synonym,knms_single,Myrica aspleniifolia Sp. Pl.: 1024 (1753) L. 1753
549,asarum canadense,93467-1,Asarum canadense,Asarum canadense L.,Aristolochiaceae,Species,Asarum canadense,Asarum canadense L.,93467-1,Asarum,2654269,Accepted,direct_wcvp_unique,Asarum canadense
550,ajuga laxmannii,444609-1,Ajuga laxmannii,Ajuga laxmannii (L.) Benth.,Lamiaceae,Species,Ajuga laxmannii,Ajuga laxmannii (L.) Benth.,444609-1,Ajuga,5308,Accepted,direct_wcvp_unique,Ajuga laxmannii
553,solidago rigida,249837-1,Solidago rigida,Solidago rigida L.,Asteraceae,Species,Solidago rigida,Solidago rigida L.,249837-1,Solidago,3101732,Accepted,direct_wcvp_unique,Solidago rigida
558,phyllanthus emblica l,353838-1,Phyllanthus emblica,Phyllanthus emblica L.,Phyllanthaceae,Species,Phyllanthus emblica,Phyllanthus emblica L.,353838-1,Phyllanthus,153790,Accepted,direct_wcvp_w_author_unique,Phyllanthus emblica L.
561,taxus brevifolia,249736-2,Taxus brevifolia,Taxus brevifolia Nutt.,Taxaceae,Species,Taxus brevifolia,Taxus brevifolia Nutt.,249736-2,Taxus,378623,Accepted,direct_wcvp_unique,Taxus brevifolia
564,pisum sativum,501912-1,Lathyrus oleraceus,Lathyrus oleraceus Lam.,Fabaceae,Species,Lathyrus oleraceus,Lathyrus oleraceus Lam.,501912-1,Lathyrus,2540021,Synonym,direct_wcvp_unique,Pisum sativum
572,colchicum autumnale,533232-1,Colchicum autumnale,Colchicum autumnale L.,Colchicaceae,Species,Colchicum autumnale,Colchicum autumnale L.,533232-1,Colchicum,302771,Accepted,direct_wcvp_unique,Colchicum autumnale
573,cornus paniculata,271653-1,Cornus racemosa,Cornus racemosa Lam.,Cornaceae,Species,Cornus racemosa,Cornus racemosa Lam.,271653-1,Cornus,47464,Synonym,direct_wcvp,Cornus paniculata
574,carica papaya,30011248-2,Carica papaya,Carica papaya L.,Caricaceae,Species,Carica papaya,Carica papaya L.,30011248-2,Carica,2700919,Accepted,direct_wcvp_unique,Carica papaya
575,physalis alkekengi l,814247-1,Alkekengi officinarum,Alkekengi officinarum Moench,Solanaceae,Species,Alkekengi officinarum,Alkekengi officinarum Moench,814247-1,Alkekengi,2549830,Synonym,direct_wcvp_w_author_unique,Physalis alkekengi L.
576,mentha spicata l,451162-1,Mentha spicata,Mentha spicata L.,Lamiaceae,Species,Mentha spicata,Mentha spicata L.,451162-1,Mentha,125402,Accepted,direct_wcvp_w_author_unique,Mentha spicata L.
577,ziziphus jujuba mill,719213-1,Ziziphus jujuba,Ziziphus jujuba Mill.,Rhamnaceae,Species,Ziziphus jujuba,Ziziphus jujuba Mill.,719213-1,Ziziphus,2470699,Accepted,direct_wcvp_w_author_unique,Ziziphus jujuba Mill.
